ID,Name,Sex,Age,Height,Weight,Team,NOC,Games,Year,Season,City,Sport,Event,Medal
149,Mara Katherine Abbott,F,30.0,163.0,52.0,United States,USA,['2016 Summer'],2016,Summer,Rio de Janeiro,Cycling,"[""Cycling Women's Road Race, Individual""]",[nan]
811,Natalie Cammile Adams (-Brannan),F,24.0,173.0,65.0,United States,USA,['2016 Summer'],2016,Summer,Rio de Janeiro,Swimming,"[""Swimming Women's 200 metres Butterfly""]",[nan]
837,Rachael Alexis Adams,F,26.0,188.0,81.0,United States,USA,['2016 Summer'],2016,Summer,Rio de Janeiro,Volleyball,"[""Volleyball Women's Volleyball""]",['Bronze']
961,"Bradley Don ""Brad"" Adkins",M,22.0,188.0,80.0,United States,USA,['2016 Summer'],2016,Summer,Rio de Janeiro,Athletics,"[""Athletics Men's High Jump""]",[nan]
1017,Nathan Ghar-Jun Adrian,M,27.0,198.0,100.0,United States,USA,['2016 Summer'],2016,Summer,Rio de Janeiro,Swimming,"[""Swimming Men's 100 metres Freestyle"", ""Swimming Men's 4 x 100 metres Medley Relay"", ""Swimming Men's 50 metres Freestyle"", ""Swimming Men's 4 x 100 metres Freestyle Relay""]","['Bronze', 'Gold']"
1453,Nicole Ahsinger,F,18.0,163.0,58.0,United States,USA,['2016 Summer'],2016,Summer,Rio de Janeiro,Trampolining,"[""Trampolining Women's Individual""]",[nan]
1682,Morolake Akinosun,F,22.0,163.0,61.0,United States,USA,['2016 Summer'],2016,Summer,Rio de Janeiro,Athletics,"[""Athletics Women's 4 x 100 metres Relay""]",['Gold']
1683,Foluke Antinuke Akinradewo,F,28.0,191.0,79.0,United States,USA,['2016 Summer'],2016,Summer,Rio de Janeiro,Volleyball,"[""Volleyball Women's Volleyball""]",['Bronze']
1730,Monica Aksamit,F,26.0,183.0,74.0,United States,USA,['2016 Summer'],2016,Summer,Rio de Janeiro,Fencing,"[""Fencing Women's Sabre, Team""]",['Bronze']
2695,Nia Sifaatihii Ali,F,27.0,170.0,65.0,United States,USA,['2016 Summer'],2016,Summer,Rio de Janeiro,Athletics,"[""Athletics Women's 100 metres Hurdles""]",['Silver']
2838,Devon Allen,M,21.0,185.0,84.0,United States,USA,['2016 Summer'],2016,Summer,Rio de Janeiro,Athletics,"[""Athletics Men's 110 metres Hurdles""]",[nan]
3141,Anita Alvarez,F,19.0,170.0,52.0,United States,USA,['2016 Summer'],2016,Summer,Rio de Janeiro,Synchronized Swimming,"[""Synchronized Swimming Women's Duet""]",[nan]
3820,Haley Danita Anderson,F,24.0,178.0,68.0,United States,USA,['2016 Summer'],2016,Summer,Rio de Janeiro,Swimming,"[""Swimming Women's 10 kilometres Open Water""]",[nan]
3845,"Matthew John ""Matt"" Anderson",M,29.0,202.0,100.0,United States,USA,['2016 Summer'],2016,Summer,Rio de Janeiro,Volleyball,"[""Volleyball Men's Volleyball""]",['Bronze']
4159,"Robert Adrian ""Robby"" Andrews",M,25.0,178.0,66.0,United States,USA,['2016 Summer'],2016,Summer,Rio de Janeiro,Athletics,"[""Athletics Men's 1,500 metres""]",[nan]
4505,Carmelo Kyan Anthony,M,32.0,203.0,109.0,United States,USA,['2016 Summer'],2016,Summer,Rio de Janeiro,Basketball,"[""Basketball Men's Basketball""]",['Gold']
5167,Kristin Ann Armstrong (-Savola),F,42.0,173.0,58.0,United States,USA,['2016 Summer'],2016,Summer,Rio de Janeiro,Cycling,"[""Cycling Women's Road Race, Individual"", ""Cycling Women's Individual Time Trial""]","[nan, 'Gold']"
5372,Jenny Lyvette Arthur,F,22.0,166.0,74.0,United States,USA,['2016 Summer'],2016,Summer,Rio de Janeiro,Weightlifting,"[""Weightlifting Women's Heavyweight""]",[nan]
5523,Ronnie Ash,M,28.0,188.0,95.0,United States,USA,['2016 Summer'],2016,Summer,Rio de Janeiro,Athletics,"[""Athletics Men's 110 metres Hurdles""]",[nan]
5560,Whitney Jordan Ashley,F,27.0,178.0,91.0,United States,USA,['2016 Summer'],2016,Summer,Rio de Janeiro,Athletics,"[""Athletics Women's Discus Throw""]",[nan]
5943,Haley Ruth Augello,F,21.0,157.0,54.0,United States,USA,['2016 Summer'],2016,Summer,Rio de Janeiro,Wrestling,"[""Wrestling Women's Flyweight, Freestyle""]",[nan]
5971,Seimone Delicia Augustus,F,32.0,183.0,74.0,United States,USA,['2016 Summer'],2016,Summer,Rio de Janeiro,Basketball,"[""Basketball Women's Basketball""]",['Gold']
6317,"Anthony Lawrence ""Tony"" Azevedo",M,34.0,186.0,90.0,United States,USA,['2016 Summer'],2016,Summer,Rio de Janeiro,Water Polo,"[""Water Polo Men's Water Polo""]",[nan]
6911,Tavis Bailey,M,24.0,191.0,125.0,United States,USA,['2016 Summer'],2016,Summer,Rio de Janeiro,Athletics,"[""Athletics Men's Discus Throw""]",[nan]
7013,Brian Richard Baker,M,31.0,191.0,77.0,United States,USA,['2016 Summer'],2016,Summer,Rio de Janeiro,Tennis,"[""Tennis Men's Doubles"", ""Tennis Men's Singles""]",[nan]
7020,Kathleen Baker,F,19.0,173.0,68.0,United States,USA,['2016 Summer'],2016,Summer,Rio de Janeiro,Swimming,"[""Swimming Women's 100 metres Backstroke"", ""Swimming Women's 4 x 100 metres Medley Relay""]","['Silver', 'Gold']"
7030,Perry Baker,M,30.0,185.0,82.0,United States,USA,['2016 Summer'],2016,Summer,Rio de Janeiro,Rugby Sevens,"[""Rugby Sevens Men's Rugby Sevens""]",[nan]
7208,"Carlos Zenon Balderas, Jr.",M,19.0,175.0,60.0,United States,USA,['2016 Summer'],2016,Summer,Rio de Janeiro,Boxing,"[""Boxing Men's Lightweight""]",[nan]
7590,Kayla Banwarth,F,27.0,178.0,70.0,United States,USA,['2016 Summer'],2016,Summer,Rio de Janeiro,Volleyball,"[""Volleyball Women's Volleyball""]",['Bronze']
7666,"Matthew ""Matt"" Baranoski",M,23.0,183.0,96.0,United States,USA,['2016 Summer'],2016,Summer,Rio de Janeiro,Cycling,"[""Cycling Men's Keirin""]",[nan]
7705,"Akalaini ""Bui"" Baravilala",F,25.0,168.0,75.0,United States,USA,['2016 Summer'],2016,Summer,Rio de Janeiro,Rugby Sevens,"[""Rugby Sevens Women's Rugby Sevens""]",[nan]
7956,Harrison Bryce Jordan Barnes,M,24.0,203.0,102.0,United States,USA,['2016 Summer'],2016,Summer,Rio de Janeiro,Basketball,"[""Basketball Men's Basketball""]",['Gold']
8008,McQuin Baron,M,20.0,206.0,104.0,United States,USA,['2016 Summer'],2016,Summer,Rio de Janeiro,Water Polo,"[""Water Polo Men's Water Polo""]",[nan]
8093,Danny Barrett,M,26.0,188.0,102.0,United States,USA,['2016 Summer'],2016,Summer,Rio de Janeiro,Rugby Sevens,"[""Rugby Sevens Men's Rugby Sevens""]",[nan]
8128,"Jennifer Mae ""Jenny"" Barringer-Simpson",F,29.0,166.0,53.0,United States,USA,['2016 Summer'],2016,Summer,Rio de Janeiro,Athletics,"[""Athletics Women's 1,500 metres""]",['Bronze']
8173,Thomas Barrows III,M,28.0,186.0,82.0,United States,USA,['2016 Summer'],2016,Summer,Rio de Janeiro,Sailing,"[""Sailing Men's Skiff""]",[nan]
9460,Elizabeth Lyon Beisel,F,23.0,168.0,68.0,United States,USA,['2016 Summer'],2016,Summer,Rio de Janeiro,Swimming,"[""Swimming Women's 400 metres Individual Medley""]",[nan]
9953,"Christopher Anthony ""Chris"" Benard",M,26.0,191.0,84.0,United States,USA,['2016 Summer'],2016,Summer,Rio de Janeiro,Athletics,"[""Athletics Men's Triple Jump""]",[nan]
9988,Garrett Bender,M,24.0,193.0,105.0,United States,USA,['2016 Summer'],2016,Summer,Rio de Janeiro,Rugby Sevens,"[""Rugby Sevens Men's Rugby Sevens""]",[nan]
10257,"Joseph ""Gunnar"" Bentz",M,20.0,196.0,84.0,United States,USA,['2016 Summer'],2016,Summer,Rio de Janeiro,Swimming,"[""Swimming Men's 4 x 200 metres Freestyle Relay""]",['Gold']
10585,Boris Berian,M,23.0,183.0,70.0,United States,USA,['2016 Summer'],2016,Summer,Rio de Janeiro,Athletics,"[""Athletics Men's 800 metres""]",[nan]
10802,Gwen Berry,F,27.0,175.0,89.0,United States,USA,['2016 Summer'],2016,Summer,Rio de Janeiro,Athletics,"[""Athletics Women's Hammer Throw""]",[nan]
10876,"Kathleen ""Kate"" Bertko",F,32.0,175.0,58.0,United States,USA,['2016 Summer'],2016,Summer,Rio de Janeiro,Rowing,"[""Rowing Women's Lightweight Double Sculls""]",[nan]
11495,Simone Arianne Biles,F,19.0,143.0,47.0,United States,USA,['2016 Summer'],2016,Summer,Rio de Janeiro,Gymnastics,"[""Gymnastics Women's Horse Vault"", ""Gymnastics Women's Balance Beam"", ""Gymnastics Women's Uneven Bars"", ""Gymnastics Women's Team All-Around"", ""Gymnastics Women's Floor Exercise"", ""Gymnastics Women's Individual All-Around""]","[nan, 'Gold', 'Bronze']"
11527,"Gregory ""Greg"" Billington",M,27.0,175.0,66.0,United States,USA,['2016 Summer'],2016,Summer,Rio de Janeiro,Triathlon,"[""Triathlon Men's Olympic Distance""]",[nan]
11671,"Suzanne Brigit ""Sue"" Bird",F,35.0,175.0,66.0,United States,USA,['2016 Summer'],2016,Summer,Rio de Janeiro,Basketball,"[""Basketball Women's Basketball""]",['Gold']
11769,"Andrew Thomas ""Andy"" Bisek",M,29.0,178.0,82.0,United States,USA,['2016 Summer'],2016,Summer,Rio de Janeiro,Wrestling,"[""Wrestling Men's Middleweight, Greco-Roman""]",[nan]
12164,"Benjamin Floyd ""Ben"" Blankenship",M,27.0,178.0,64.0,United States,USA,['2016 Summer'],2016,Summer,Rio de Janeiro,Athletics,"[""Athletics Men's 1,500 metres""]",[nan]
13092,Bret Bonanni,M,22.0,194.0,92.0,United States,USA,['2016 Summer'],2016,Summer,Rio de Janeiro,Water Polo,"[""Water Polo Men's Water Polo""]",[nan]
13322,Brent Bookwalter,M,32.0,181.0,68.0,United States,USA,['2016 Summer'],2016,Summer,Rio de Janeiro,Cycling,"[""Cycling Men's Individual Time Trial"", ""Cycling Men's Road Race, Individual""]",[nan]
13379,Hillary Bor,M,26.0,168.0,52.0,United States,USA,['2016 Summer'],2016,Summer,Rio de Janeiro,Athletics,"[""Athletics Men's 3,000 metres Steeplechase""]",[nan]
13549,Brittany Borman,F,27.0,183.0,77.0,United States,USA,['2016 Summer'],2016,Summer,Rio de Janeiro,Athletics,"[""Athletics Women's Javelin Throw""]",[nan]
13969,David Alasdair Boudia,M,27.0,175.0,73.0,United States,USA,['2016 Summer'],2016,Summer,Rio de Janeiro,Diving,"[""Diving Men's Synchronized Platform"", ""Diving Men's Platform""]","['Bronze', 'Silver']"
14250,Alex Bowen,M,22.0,196.0,102.0,United States,USA,['2016 Summer'],2016,Summer,Rio de Janeiro,Water Polo,"[""Water Polo Men's Water Polo""]",[nan]
14266,"Frentorish ""Tori"" Bowie",F,25.0,175.0,58.0,United States,USA,['2016 Summer'],2016,Summer,Rio de Janeiro,Athletics,"[""Athletics Women's 200 metres"", ""Athletics Women's 4 x 100 metres Relay"", ""Athletics Women's 100 metres""]","['Silver', 'Gold', 'Bronze']"
14489,Marvin Bracy,M,22.0,175.0,78.0,United States,USA,['2016 Summer'],2016,Summer,Rio de Janeiro,Athletics,"[""Athletics Men's 100 metres""]",[nan]
15029,Morgan Paige Brian,F,23.0,170.0,58.0,United States,USA,['2016 Summer'],2016,Summer,Rio de Janeiro,Football,"[""Football Women's Football""]",[nan]
15227,Allison M. Brock,F,36.0,168.0,59.0,United States,USA,['2016 Summer'],2016,Summer,Rio de Janeiro,Equestrianism,"['Equestrianism Mixed Dressage, Team', 'Equestrianism Mixed Dressage, Individual']","[nan, 'Bronze']"
15325,Trayvon Jaquez Bromell,M,21.0,175.0,70.0,United States,USA,['2016 Summer'],2016,Summer,Rio de Janeiro,Athletics,"[""Athletics Men's 100 metres"", ""Athletics Men's 4 x 100 metres Relay""]",[nan]
15374,"Christopher Dean ""Chris"" Brooks",M,29.0,173.0,75.0,United States,USA,['2016 Summer'],2016,Summer,Rio de Janeiro,Gymnastics,"[""Gymnastics Men's Individual All-Around"", ""Gymnastics Men's Team All-Around"", ""Gymnastics Men's Horizontal Bar"", ""Gymnastics Men's Floor Exercise"", ""Gymnastics Men's Pommelled Horse"", ""Gymnastics Men's Parallel Bars"", ""Gymnastics Men's Rings""]",[nan]
15493,Colton Brown,M,24.0,183.0,91.0,United States,USA,['2016 Summer'],2016,Summer,Rio de Janeiro,Judo,"[""Judo Men's Middleweight""]",[nan]
15560,Mackenzie Brown,F,21.0,178.0,75.0,United States,USA,['2016 Summer'],2016,Summer,Rio de Janeiro,Archery,"[""Archery Women's Individual""]",[nan]
15604,Will Brown,M,24.0,170.0,61.0,United States,USA,['2016 Summer'],2016,Summer,Rio de Janeiro,Shooting,"[""Shooting Men's Air Pistol, 10 metres"", ""Shooting Men's Free Pistol, 50 metres""]",[nan]
16087,Charlie Buckingham,M,27.0,188.0,82.0,United States,USA,['2016 Summer'],2016,Summer,Rio de Janeiro,Sailing,"[""Sailing Men's One Person Dinghy""]",[nan]
16733,Jordan Ernest Burroughs,M,28.0,171.0,79.0,United States,USA,['2016 Summer'],2016,Summer,Rio de Janeiro,Wrestling,"[""Wrestling Men's Middleweight, Freestyle""]",[nan]
16923,Jimmy Butler III,M,26.0,201.0,99.0,United States,USA,['2016 Summer'],2016,Summer,Rio de Janeiro,Basketball,"[""Basketball Men's Basketball""]",['Gold']
17159,"Donald ""Donn"" Cabral",M,26.0,178.0,68.0,United States,USA,['2016 Summer'],2016,Summer,Rio de Janeiro,Athletics,"[""Athletics Men's 3,000 metres Steeplechase""]",[nan]
17679,Amber Campbell,F,35.0,171.0,90.0,United States,USA,['2016 Summer'],2016,Summer,Rio de Janeiro,Athletics,"[""Athletics Women's Hammer Throw""]",[nan]
17680,"Andrew Campbell, Jr.",M,24.0,178.0,70.0,United States,USA,['2016 Summer'],2016,Summer,Rio de Janeiro,Rowing,"[""Rowing Men's Lightweight Double Sculls""]",[nan]
18167,Kelsey Card,F,23.0,178.0,116.0,United States,USA,['2016 Summer'],2016,Summer,Rio de Janeiro,Athletics,"[""Athletics Women's Discus Throw""]",[nan]
18354,Ryan Carlyle,F,26.0,168.0,66.0,United States,USA,['2016 Summer'],2016,Summer,Rio de Janeiro,Rugby Sevens,"[""Rugby Sevens Women's Rugby Sevens""]",[nan]
18653,Michelle Denee Carter,F,30.0,176.0,136.0,United States,USA,['2016 Summer'],2016,Summer,Rio de Janeiro,Athletics,"[""Athletics Women's Shot Put""]",['Gold']
18976,Kristi Castlin,F,28.0,170.0,60.0,United States,USA,['2016 Summer'],2016,Summer,Rio de Janeiro,Athletics,"[""Athletics Women's 100 metres Hurdles""]",['Bronze']
19044,Tamika Devonne Catchings,F,37.0,185.0,77.0,United States,USA,['2016 Summer'],2016,Summer,Rio de Janeiro,Basketball,"[""Basketball Women's Basketball""]",['Gold']
19057,Kelly Catlin,F,20.0,168.0,63.0,United States,USA,['2016 Summer'],2016,Summer,Rio de Janeiro,Cycling,"[""Cycling Women's Team Pursuit""]",['Silver']
19335,"Matthew Gerald ""Matt"" Centrowitz, Jr.",M,26.0,176.0,65.0,United States,USA,['2016 Summer'],2016,Summer,Rio de Janeiro,Athletics,"[""Athletics Men's 1,500 metres""]",['Gold']
19547,Louisa Chafee,F,24.0,165.0,57.0,United States,USA,['2016 Summer'],2016,Summer,Rio de Janeiro,Sailing,['Sailing Mixed Multihull'],[nan]
19644,Miles Cleveland Chamley-Watson,M,26.0,193.0,80.0,United States,USA,['2016 Summer'],2016,Summer,Rio de Janeiro,Fencing,"[""Fencing Men's Foil, Individual"", ""Fencing Men's Foil, Team""]","[nan, 'Bronze']"
19901,Tina Alexandria Charles,F,27.0,193.0,88.0,United States,USA,['2016 Summer'],2016,Summer,Rio de Janeiro,Basketball,"[""Basketball Women's Basketball""]",['Gold']
20133,Paul Kipkemboi Chelimo,M,25.0,175.0,57.0,United States,USA,['2016 Summer'],2016,Summer,Rio de Janeiro,Athletics,"[""Athletics Men's 5,000 metres""]",['Silver']
20599,Phillip Hung Chew,M,22.0,173.0,91.0,United States,USA,['2016 Summer'],2016,Summer,Rio de Janeiro,Badminton,"['Badminton Mixed Doubles', ""Badminton Men's Doubles""]",[nan]
21270,Micah Makanamaikalani Christenson,M,23.0,198.0,86.0,United States,USA,['2016 Summer'],2016,Summer,Rio de Janeiro,Volleyball,"[""Volleyball Men's Volleyball""]",['Bronze']
21817,"Caroline Archer ""KK"" Clark",F,26.0,188.0,72.0,United States,USA,['2016 Summer'],2016,Summer,Rio de Janeiro,Water Polo,"[""Water Polo Women's Water Polo""]",['Gold']
21954,"William Bundu ""Will"" Claye",M,25.0,181.0,72.0,United States,USA,['2016 Summer'],2016,Summer,Rio de Janeiro,Athletics,"[""Athletics Men's Triple Jump""]",['Silver']
21990,Kerron Stephon Clement,M,30.0,188.0,86.0,United States,USA,['2016 Summer'],2016,Summer,Rio de Janeiro,Athletics,"[""Athletics Men's 400 metres Hurdles""]",['Gold']
22002,Kyle Clemons,M,25.0,180.0,74.0,United States,USA,['2016 Summer'],2016,Summer,Rio de Janeiro,Athletics,"[""Athletics Men's 4 x 400 metres Relay""]",['Gold']
22143,Emma Jane Coburn,F,25.0,173.0,54.0,United States,USA,['2016 Summer'],2016,Summer,Rio de Janeiro,Athletics,"[""Athletics Women's 3,000 metres Steeplechase""]",['Bronze']
22242,Corey Cogdell-Unrein,F,29.0,173.0,70.0,United States,USA,['2016 Summer'],2016,Summer,Rio de Janeiro,Shooting,"[""Shooting Women's Trap""]",['Bronze']
22324,"Charles ""Charlie"" Cole",M,30.0,194.0,90.0,United States,USA,['2016 Summer'],2016,Summer,Rio de Janeiro,Rowing,"[""Rowing Men's Coxless Fours""]",[nan]
22342,Christian Coleman,M,20.0,175.0,72.0,United States,USA,['2016 Summer'],2016,Summer,Rio de Janeiro,Athletics,"[""Athletics Men's 4 x 100 metres Relay""]",[nan]
22662,"John ""Jack"" Conger",M,21.0,193.0,80.0,United States,USA,['2016 Summer'],2016,Summer,Rio de Janeiro,Swimming,"[""Swimming Men's 4 x 200 metres Freestyle Relay""]",['Gold']
22675,"Kimberley Frances ""Kim"" Conley",F,30.0,161.0,49.0,United States,USA,['2016 Summer'],2016,Summer,Rio de Janeiro,Athletics,"[""Athletics Women's 5,000 metres""]",[nan]
22829,Charles Albert Shone Conwell,M,18.0,175.0,75.0,United States,USA,['2016 Summer'],2016,Summer,Rio de Janeiro,Boxing,"[""Boxing Men's Middleweight""]",[nan]
22857,Kassidy Leigh Cook,F,21.0,163.0,57.0,United States,USA,['2016 Summer'],2016,Summer,Rio de Janeiro,Diving,"[""Diving Women's Springboard""]",[nan]
23040,Kevin Cordes,M,22.0,196.0,88.0,United States,USA,['2016 Summer'],2016,Summer,Rio de Janeiro,Swimming,"[""Swimming Men's 4 x 100 metres Medley Relay"", ""Swimming Men's 100 metres Breaststroke"", ""Swimming Men's 200 metres Breaststroke""]","[nan, 'Gold']"
23497,DeMarcus Amir Cousins,M,25.0,210.0,122.0,United States,USA,['2016 Summer'],2016,Summer,Rio de Janeiro,Basketball,"[""Basketball Men's Basketball""]",['Gold']
23585,J'den Michael Tbory Cox,M,21.0,180.0,86.0,United States,USA,['2016 Summer'],2016,Summer,Rio de Janeiro,Wrestling,"[""Wrestling Men's Light-Heavyweight, Freestyle""]",['Bronze']
23616,"Amelia ""Amy"" Cozad",F,25.0,160.0,51.0,United States,USA,['2016 Summer'],2016,Summer,Rio de Janeiro,Diving,"[""Diving Women's Synchronized Platform""]",[nan]
23640,Morgan Craft,F,23.0,160.0,64.0,United States,USA,['2016 Summer'],2016,Summer,Rio de Janeiro,Shooting,"[""Shooting Women's Skeet""]",[nan]
23657,"Kameryn Louise ""Kami"" Craig",F,29.0,181.0,88.0,United States,USA,['2016 Summer'],2016,Summer,Rio de Janeiro,Water Polo,"[""Water Polo Women's Water Polo""]",['Gold']
23665,Brooke Leeann Crain,F,23.0,160.0,55.0,United States,USA,['2016 Summer'],2016,Summer,Rio de Janeiro,Cycling,"[""Cycling Women's BMX""]",[nan]
23680,Lauren Crandall,F,31.0,161.0,58.0,United States,USA,['2016 Summer'],2016,Summer,Rio de Janeiro,Hockey,"[""Hockey Women's Hockey""]",[nan]
23974,Ryan Crouser,M,23.0,201.0,125.0,United States,USA,['2016 Summer'],2016,Summer,Rio de Janeiro,Athletics,"[""Athletics Men's Shot Put""]",['Gold']
23975,"Samuel ""Sam"" Crouser",M,24.0,198.0,105.0,United States,USA,['2016 Summer'],2016,Summer,Rio de Janeiro,Athletics,"[""Athletics Men's Javelin Throw""]",[nan]
24339,Logan Perry Cunningham,M,25.0,175.0,73.0,United States,USA,['2016 Summer'],2016,Summer,Rio de Janeiro,Athletics,"[""Athletics Men's Pole Vault""]",[nan]
24344,Vashti Cunningham,F,18.0,185.0,56.0,United States,USA,['2016 Summer'],2016,Summer,Rio de Janeiro,Athletics,"[""Athletics Women's High Jump""]",[nan]
24352,Luca Cupido,M,20.0,188.0,95.0,United States,USA,['2016 Summer'],2016,Summer,Rio de Janeiro,Water Polo,"[""Water Polo Men's Water Polo""]",[nan]
24584,"Abigail ""Abbey"" D'Agostino",F,24.0,160.0,50.0,United States,USA,['2016 Summer'],2016,Summer,Rio de Janeiro,Athletics,"[""Athletics Women's 5,000 metres""]",[nan]
24981,"Phillip Peter ""Phil"" Dalhausser",M,36.0,206.0,93.0,United States-1,USA,['2016 Summer'],2016,Summer,Rio de Janeiro,Beach Volleyball,"[""Beach Volleyball Men's Beach Volleyball""]",[nan]
25040,"Jacob ""Jake"" Dalton",M,24.0,168.0,67.0,United States,USA,['2016 Summer'],2016,Summer,Rio de Janeiro,Gymnastics,"[""Gymnastics Men's Horse Vault"", ""Gymnastics Men's Team All-Around"", ""Gymnastics Men's Horizontal Bar"", ""Gymnastics Men's Floor Exercise"", ""Gymnastics Men's Parallel Bars"", ""Gymnastics Men's Rings""]",[nan]
25663,Desiree Nicole Davila-Linden,F,33.0,155.0,43.0,United States,USA,['2016 Summer'],2016,Summer,Rio de Janeiro,Athletics,"[""Athletics Women's Marathon""]",[nan]
25709,Lucy Davis,F,23.0,165.0,55.0,United States,USA,['2016 Summer'],2016,Summer,Rio de Janeiro,Equestrianism,"['Equestrianism Mixed Jumping, Team', 'Equestrianism Mixed Jumping, Individual']","[nan, 'Silver']"
25738,Lea Davison,F,33.0,168.0,55.0,United States,USA,['2016 Summer'],2016,Summer,Rio de Janeiro,Cycling,"[""Cycling Women's Mountainbike, Cross-Country""]",[nan]
25799,Rachel Dawson,F,31.0,178.0,68.0,United States,USA,['2016 Summer'],2016,Summer,Rio de Janeiro,Hockey,"[""Hockey Women's Hockey""]",[nan]
27263,Angelica Delgado,F,25.0,160.0,52.0,United States,USA,['2016 Summer'],2016,Summer,Rio de Janeiro,Judo,"[""Judo Women's Half-Lightweight""]",[nan]
27357,Elena Delle Donne,F,26.0,195.0,86.0,United States,USA,['2016 Summer'],2016,Summer,Rio de Janeiro,Basketball,"[""Basketball Women's Basketball""]",['Gold']
27380,"Cynthia ""Janay"" DeLoach (-Soukup)",F,30.0,166.0,58.0,United States,USA,['2016 Summer'],2016,Summer,Rio de Janeiro,Athletics,"[""Athletics Women's Long Jump""]",[nan]
27393,"Nicholas ""Nick"" Delpopolo",M,27.0,173.0,77.0,United States,USA,['2016 Summer'],2016,Summer,Rio de Janeiro,Judo,"[""Judo Men's Lightweight""]",[nan]
27630,Daniel Paul Dennis-Kengott,M,29.0,165.0,57.0,United States,USA,['2016 Summer'],2016,Summer,Rio de Janeiro,Wrestling,"[""Wrestling Men's Featherweight, Freestyle""]",[nan]
27743,DeMar Darnell DeRozan,M,26.0,201.0,99.0,United States,USA,['2016 Summer'],2016,Summer,Rio de Janeiro,Basketball,"[""Basketball Men's Basketball""]",['Gold']
27750,Eli Dershwitz,M,20.0,185.0,77.0,United States,USA,['2016 Summer'],2016,Summer,Rio de Janeiro,Fencing,"[""Fencing Men's Sabre, Individual""]",[nan]
28734,"Madeline Jane ""Maya"" DiRado",F,23.0,175.0,65.0,United States,USA,['2016 Summer'],2016,Summer,Rio de Janeiro,Swimming,"[""Swimming Women's 200 metres Backstroke"", ""Swimming Women's 400 metres Individual Medley"", ""Swimming Women's 200 metres Individual Medley"", ""Swimming Women's 4 x 200 metres Freestyle Relay""]","['Bronze', 'Gold', 'Silver']"
28746,Michael DiSanto,M,26.0,185.0,91.0,United States,USA,['2016 Summer'],2016,Summer,Rio de Janeiro,Rowing,"[""Rowing Men's Coxed Eights""]",[nan]
28878,Tervel Ivaylov Dlagnev,M,30.0,188.0,122.0,United States,USA,['2016 Summer'],2016,Summer,Rio de Janeiro,Wrestling,"[""Wrestling Men's Super-Heavyweight, Freestyle""]",[nan]
29292,Sam Dommer,M,24.0,188.0,92.0,United States,USA,['2016 Summer'],2016,Summer,Rio de Janeiro,Rowing,"[""Rowing Men's Coxed Eights""]",[nan]
29444,Logan Dooley,M,28.0,175.0,59.0,United States,USA,['2016 Summer'],2016,Summer,Rio de Janeiro,Trampolining,"[""Trampolining Men's Individual""]",[nan]
29520,Sam Dorman,M,24.0,175.0,77.0,United States,USA,['2016 Summer'],2016,Summer,Rio de Janeiro,Diving,"[""Diving Men's Synchronized Springboard""]",['Silver']
29686,"Gabrielle Christina Victoria ""Gabby"" Douglas",F,20.0,157.0,50.0,United States,USA,['2016 Summer'],2016,Summer,Rio de Janeiro,Gymnastics,"[""Gymnastics Women's Balance Beam"", ""Gymnastics Women's Uneven Bars"", ""Gymnastics Women's Team All-Around"", ""Gymnastics Women's Floor Exercise"", ""Gymnastics Women's Individual All-Around""]","[nan, 'Gold']"
29817,Lauren Doyle,F,25.0,168.0,68.0,United States,USA,['2016 Summer'],2016,Summer,Rio de Janeiro,Rugby Sevens,"[""Rugby Sevens Women's Rugby Sevens""]",[nan]
29989,Caeleb Remel Dressel,M,19.0,191.0,86.0,United States,USA,['2016 Summer'],2016,Summer,Rio de Janeiro,Swimming,"[""Swimming Men's 100 metres Freestyle"", ""Swimming Men's 4 x 100 metres Medley Relay"", ""Swimming Men's 4 x 100 metres Freestyle Relay""]","[nan, 'Gold']"
30676,Crystal Alyssia Dunn,F,24.0,157.0,56.0,United States,USA,['2016 Summer'],2016,Summer,Rio de Janeiro,Football,"[""Football Women's Football""]",[nan]
30713,Thomas Dunstan,M,18.0,194.0,96.0,United States,USA,['2016 Summer'],2016,Summer,Rio de Janeiro,Water Polo,"[""Water Polo Men's Water Polo""]",[nan]
30807,Kevin Wayne Durant,M,27.0,206.0,105.0,United States,USA,['2016 Summer'],2016,Summer,Rio de Janeiro,Basketball,"[""Basketball Men's Basketball""]",['Gold']
30869,Andrew Durutalo,M,28.0,188.0,107.0,United States,USA,['2016 Summer'],2016,Summer,Rio de Janeiro,Rugby Sevens,"[""Rugby Sevens Men's Rugby Sevens""]",[nan]
30918,Phillip Peter Dutton,M,52.0,168.0,68.0,United States,USA,['2016 Summer'],2016,Summer,Rio de Janeiro,Equestrianism,"['Equestrianism Mixed Three-Day Event, Team', 'Equestrianism Mixed Three-Day Event, Individual']","['Bronze', nan]"
31012,Conor James Dwyer,M,27.0,196.0,89.0,United States,USA,['2016 Summer'],2016,Summer,Rio de Janeiro,Swimming,"[""Swimming Men's 200 metres Freestyle"", ""Swimming Men's 4 x 200 metres Freestyle Relay"", ""Swimming Men's 400 metres Freestyle""]","['Bronze', nan, 'Gold']"
31055,Chlo Dygert (-Owen),F,19.0,176.0,66.0,United States,USA,['2016 Summer'],2016,Summer,Rio de Janeiro,Cycling,"[""Cycling Women's Team Pursuit""]",['Silver']
31205,Ashton James Eaton,M,28.0,186.0,81.0,United States,USA,['2016 Summer'],2016,Summer,Rio de Janeiro,Athletics,"[""Athletics Men's Decathlon""]",['Gold']
31277,Nate Ebner,M,27.0,185.0,98.0,United States,USA,['2016 Summer'],2016,Summer,Rio de Janeiro,Rugby Sevens,"[""Rugby Sevens Men's Rugby Sevens""]",[nan]
31687,Casey Eichfeld,M,26.0,178.0,77.0,United States,USA,['2016 Summer'],2016,Summer,Rio de Janeiro,Canoeing,"[""Canoeing Men's Canadian Doubles, Slalom"", ""Canoeing Men's Canadian Singles, Slalom""]",[nan]
31708,Kiana Eide,F,17.0,160.0,54.0,United States,USA,['2016 Summer'],2016,Summer,Rio de Janeiro,Rhythmic Gymnastics,"[""Rhythmic Gymnastics Women's Group""]",[nan]
31782,Tracy Eisser,F,26.0,185.0,84.0,United States,USA,['2016 Summer'],2016,Summer,Rio de Janeiro,Rowing,"[""Rowing Women's Quadruple Sculls""]",[nan]
32316,"Walton Glenn Eller, III",M,34.0,188.0,82.0,United States,USA,['2016 Summer'],2016,Summer,Rio de Janeiro,Shooting,"[""Shooting Men's Double Trap""]",[nan]
32382,Taylor Ellis-Watson,F,23.0,183.0,65.0,United States,USA,['2016 Summer'],2016,Summer,Rio de Janeiro,Athletics,"[""Athletics Women's 4 x 400 metres Relay""]",['Gold']
32384,Brady Lee Ellison,M,27.0,181.0,86.0,United States,USA,['2016 Summer'],2016,Summer,Rio de Janeiro,Archery,"[""Archery Men's Team"", ""Archery Men's Individual""]","['Bronze', 'Silver']"
32404,Amanda Elmore,F,25.0,180.0,80.0,United States,USA,['2016 Summer'],2016,Summer,Rio de Janeiro,Rowing,"[""Rowing Women's Coxed Eights""]",['Gold']
32517,"Matthew D. ""Matt"" Emmons",M,35.0,175.0,84.0,United States,USA,['2016 Summer'],2016,Summer,Rio de Janeiro,Shooting,"[""Shooting Men's Small-Bore Rifle, Three Positions, 50 metres""]",[nan]
32652,Whitney Elizabeth Engen,F,28.0,170.0,65.0,United States,USA,['2016 Summer'],2016,Summer,Rio de Janeiro,Football,"[""Football Women's Football""]",[nan]
32779,Christina Epps,F,25.0,175.0,66.0,United States,USA,['2016 Summer'],2016,Summer,Rio de Janeiro,Athletics,"[""Athletics Women's Triple Jump""]",[nan]
33079,Anthony Lee Ervin,M,35.0,191.0,80.0,United States,USA,['2016 Summer'],2016,Summer,Rio de Janeiro,Swimming,"[""Swimming Men's 50 metres Freestyle"", ""Swimming Men's 4 x 100 metres Freestyle Relay""]",['Gold']
33426,Andrew Evans,M,25.0,198.0,114.0,United States,USA,['2016 Summer'],2016,Summer,Rio de Janeiro,Athletics,"[""Athletics Men's Discus Throw""]",[nan]
33610,"Joanne ""Nana"" Fa'avesi",F,24.0,168.0,73.0,United States,USA,['2016 Summer'],2016,Summer,Rio de Janeiro,Rugby Sevens,"[""Rugby Sevens Women's Rugby Sevens""]",[nan]
33749,Anthony Louis Fahden,M,30.0,181.0,71.0,United States,USA,['2016 Summer'],2016,Summer,Rio de Janeiro,Rowing,"[""Rowing Men's Lightweight Coxless Fours""]",[nan]
33875,Katelyn Falgowski,F,27.0,168.0,63.0,United States,USA,['2016 Summer'],2016,Summer,Rio de Janeiro,Hockey,"[""Hockey Women's Hockey""]",[nan]
34099,Carmen Farmer,F,35.0,185.0,82.0,United States,USA,['2016 Summer'],2016,Summer,Rio de Janeiro,Rugby Sevens,"[""Rugby Sevens Women's Rugby Sevens""]",[nan]
34164,Kent Farrington,M,35.0,173.0,66.0,United States,USA,['2016 Summer'],2016,Summer,Rio de Janeiro,Equestrianism,"['Equestrianism Mixed Jumping, Team', 'Equestrianism Mixed Jumping, Individual']","[nan, 'Silver']"
34168,Kendrick James Farris,M,30.0,168.0,94.0,United States,USA,['2016 Summer'],2016,Summer,Rio de Janeiro,Weightlifting,"[""Weightlifting Men's Middle-Heavyweight""]",[nan]
34233,Rachel Fattal,F,22.0,173.0,65.0,United States,USA,['2016 Summer'],2016,Summer,Rio de Janeiro,Water Polo,"[""Water Polo Women's Water Polo""]",['Gold']
34433,Stefanie Fee,F,26.0,168.0,63.0,United States,USA,['2016 Summer'],2016,Summer,Rio de Janeiro,Hockey,"[""Hockey Women's Hockey""]",[nan]
34467,"James ""Jimmy"" Feigen",M,26.0,196.0,98.0,United States,USA,['2016 Summer'],2016,Summer,Rio de Janeiro,Swimming,"[""Swimming Men's 4 x 100 metres Freestyle Relay""]",['Gold']
34551,Allyson Michelle Felix,F,30.0,168.0,56.0,United States,USA,['2016 Summer'],2016,Summer,Rio de Janeiro,Athletics,"[""Athletics Women's 400 metres"", ""Athletics Women's 4 x 400 metres Relay"", ""Athletics Women's 4 x 100 metres Relay""]","['Silver', 'Gold']"
34598,Lauren Fendrick,F,34.0,185.0,75.0,United States-2,USA,['2016 Summer'],2016,Summer,Rio de Janeiro,Beach Volleyball,"[""Beach Volleyball Women's Beach Volleyball""]",[nan]
34620,"Yijun ""Tom"" Feng",M,19.0,186.0,71.0,United States,USA,['2016 Summer'],2016,Summer,Rio de Janeiro,Table Tennis,"[""Table Tennis Men's Singles"", ""Table Tennis Men's Team""]",[nan]
35194,Connor Evan Fields,M,23.0,183.0,88.0,United States,USA,['2016 Summer'],2016,Summer,Rio de Janeiro,Cycling,"[""Cycling Men's BMX""]",['Gold']
35426,Mason Finley,M,25.0,203.0,158.0,United States,USA,['2016 Summer'],2016,Summer,Rio de Janeiro,Athletics,"[""Athletics Men's Discus Throw""]",[nan]
35496,Aria Fischer,F,17.0,183.0,78.0,United States,USA,['2016 Summer'],2016,Summer,Rio de Janeiro,Water Polo,"[""Water Polo Women's Water Polo""]",['Gold']
35523,Makenzie Fischer,F,19.0,186.0,74.0,United States,USA,['2016 Summer'],2016,Summer,Rio de Janeiro,Water Polo,"[""Water Polo Women's Water Polo""]",['Gold']
35721,Shalane Flanagan (-Edwards),F,35.0,166.0,47.0,United States,USA,['2016 Summer'],2016,Summer,Rio de Janeiro,Athletics,"[""Athletics Women's Marathon""]",[nan]
35839,Hali Flickinger,F,22.0,168.0,52.0,United States,USA,['2016 Summer'],2016,Summer,Rio de Janeiro,Swimming,"[""Swimming Women's 200 metres Butterfly""]",[nan]
36056,Victoria Folayan,F,31.0,165.0,73.0,United States,USA,['2016 Summer'],2016,Summer,Rio de Janeiro,Rugby Sevens,"[""Rugby Sevens Women's Rugby Sevens""]",[nan]
36557,"Rick Yutaka ""Rickie"" Fowler",M,27.0,175.0,68.0,United States,USA,['2016 Summer'],2016,Summer,Rio de Janeiro,Golf,"[""Golf Men's Individual""]",[nan]
36558,Sylvia Shaqueria Fowles,F,30.0,198.0,90.0,United States,USA,['2016 Summer'],2016,Summer,Rio de Janeiro,Basketball,"[""Basketball Women's Basketball""]",['Gold']
36677,Phyllis Chanez Francis,F,24.0,180.0,72.0,United States,USA,['2016 Summer'],2016,Summer,Rio de Janeiro,Athletics,"[""Athletics Women's 400 metres"", ""Athletics Women's 4 x 400 metres Relay""]","[nan, 'Gold']"
36785,"Melissa Jeanette ""Missy"" Franklin",F,21.0,188.0,77.0,United States,USA,['2016 Summer'],2016,Summer,Rio de Janeiro,Swimming,"[""Swimming Women's 200 metres Backstroke"", ""Swimming Women's 4 x 200 metres Freestyle Relay"", ""Swimming Women's 200 metres Freestyle""]","[nan, 'Gold']"
37090,Courtney Frerichs,F,23.0,170.0,54.0,United States,USA,['2016 Summer'],2016,Summer,Rio de Janeiro,Athletics,"[""Athletics Women's 3,000 metres Steeplechase""]",[nan]
37654,Sean Patrick Furey,M,33.0,188.0,90.0,United States,USA,['2016 Summer'],2016,Summer,Rio de Janeiro,Athletics,"[""Athletics Men's Javelin Throw""]",[nan]
38162,"Jacqueline ""Jackie"" Galloway",F,20.0,178.0,80.0,United States,USA,['2016 Summer'],2016,Summer,Rio de Janeiro,Taekwondo,"[""Taekwondo Women's Heavyweight""]",['Bronze']
38761,English Gardner,F,24.0,168.0,55.0,United States,USA,['2016 Summer'],2016,Summer,Rio de Janeiro,Athletics,"[""Athletics Women's 4 x 100 metres Relay"", ""Athletics Women's 100 metres""]","[nan, 'Gold']"
38864,Zach Garrett,M,21.0,178.0,64.0,United States,USA,['2016 Summer'],2016,Summer,Rio de Janeiro,Archery,"[""Archery Men's Team"", ""Archery Men's Individual""]","[nan, 'Silver']"
39035,Justin Alexander Gatlin,M,34.0,186.0,80.0,United States,USA,['2016 Summer'],2016,Summer,Rio de Janeiro,Athletics,"[""Athletics Men's 100 metres"", ""Athletics Men's 4 x 100 metres Relay"", ""Athletics Men's 200 metres""]","['Silver', nan]"
39191,Tyson Lashane Gay,M,33.0,181.0,80.0,United States,USA,['2016 Summer'],2016,Summer,Rio de Janeiro,Athletics,"[""Athletics Men's 4 x 100 metres Relay""]",[nan]
39561,Paul George,M,26.0,206.0,99.0,United States,USA,['2016 Summer'],2016,Summer,Rio de Janeiro,Basketball,"[""Basketball Men's Basketball""]",['Gold']
39877,Andrea Geubelle,F,25.0,163.0,58.0,United States,USA,['2016 Summer'],2016,Summer,Rio de Janeiro,Athletics,"[""Athletics Women's Triple Jump""]",[nan]
40132,"Jacob Spiker ""Jake"" Gibb",M,40.0,201.0,95.0,United States-2,USA,['2016 Summer'],2016,Summer,Rio de Janeiro,Beach Volleyball,"[""Beach Volleyball Men's Beach Volleyball""]",[nan]
40279,Kaleigh Gilchrist,F,24.0,176.0,77.0,United States,USA,['2016 Summer'],2016,Summer,Rio de Janeiro,Water Polo,"[""Water Polo Women's Water Polo""]",['Gold']
40709,Alisha Rebecca Glass,F,28.0,183.0,72.0,United States,USA,['2016 Summer'],2016,Summer,Rio de Janeiro,Volleyball,"[""Volleyball Women's Volleyball""]",['Bronze']
40904,Tessa Gobbo,F,25.0,185.0,82.0,United States,USA,['2016 Summer'],2016,Summer,Rio de Janeiro,Rowing,"[""Rowing Women's Coxed Eights""]",['Gold']
41613,Melissa Ann Gonzalez,F,27.0,161.0,58.0,United States,USA,['2016 Summer'],2016,Summer,Rio de Janeiro,Hockey,"[""Hockey Women's Hockey""]",[nan]
42192,Kate Grace,F,27.0,173.0,55.0,United States,USA,['2016 Summer'],2016,Summer,Rio de Janeiro,Athletics,"[""Athletics Women's 800 metres""]",[nan]
42506,Laura Graves,F,29.0,173.0,55.0,United States,USA,['2016 Summer'],2016,Summer,Rio de Janeiro,Equestrianism,"['Equestrianism Mixed Dressage, Team', 'Equestrianism Mixed Dressage, Individual']","[nan, 'Bronze']"
42517,Adeline Maria Gray,F,25.0,173.0,77.0,United States,USA,['2016 Summer'],2016,Summer,Rio de Janeiro,Wrestling,"[""Wrestling Women's Heavyweight, Freestyle""]",[nan]
42622,Draymond Jamal Green,M,26.0,200.0,104.0,United States,USA,['2016 Summer'],2016,Summer,Rio de Janeiro,Basketball,"[""Basketball Men's Basketball""]",['Gold']
42849,Kelly Griffin,F,29.0,163.0,68.0,United States,USA,['2016 Summer'],2016,Summer,Rio de Janeiro,Rugby Sevens,"[""Rugby Sevens Women's Rugby Sevens""]",[nan]
42994,Brittney Yevette Griner,F,25.0,203.0,94.0,United States,USA,['2016 Summer'],2016,Summer,Rio de Janeiro,Basketball,"[""Basketball Women's Basketball""]",['Gold']
43081,Sarah Brooke Groff-True,F,34.0,173.0,63.0,United States,USA,['2016 Summer'],2016,Summer,Rio de Janeiro,Triathlon,"[""Triathlon Women's Olympic Distance""]",[nan]
43226,Howard Grotts,M,23.0,171.0,58.0,United States,USA,['2016 Summer'],2016,Summer,Rio de Janeiro,Cycling,"[""Cycling Men's Mountainbike, Cross-Country""]",[nan]
43470,Megan Guarnier,F,31.0,163.0,54.0,United States,USA,['2016 Summer'],2016,Summer,Rio de Janeiro,Cycling,"[""Cycling Women's Road Race, Individual""]",[nan]
43786,Bora Gulari,M,40.0,180.0,75.0,United States,USA,['2016 Summer'],2016,Summer,Rio de Janeiro,Sailing,['Sailing Mixed Multihull'],[nan]
43999,Nareg Guregian,M,27.0,196.0,98.0,United States,USA,['2016 Summer'],2016,Summer,Rio de Janeiro,Rowing,"[""Rowing Men's Coxless Pairs""]",[nan]
44479,Francis Townley Haas,M,19.0,196.0,84.0,United States,USA,['2016 Summer'],2016,Summer,Rio de Janeiro,Swimming,"[""Swimming Men's 200 metres Freestyle"", ""Swimming Men's 4 x 200 metres Freestyle Relay""]","[nan, 'Gold']"
44559,Austin Hack,M,24.0,203.0,100.0,United States,USA,['2016 Summer'],2016,Summer,Rio de Janeiro,Rowing,"[""Rowing Men's Coxed Eights""]",[nan]
44638,Annie Haeger,F,26.0,168.0,58.0,United States,USA,['2016 Summer'],2016,Summer,Rio de Janeiro,Sailing,"[""Sailing Women's Two Person Dinghy""]",[nan]
44993,Arman Hall,M,22.0,183.0,75.0,United States,USA,['2016 Summer'],2016,Summer,Rio de Janeiro,Athletics,"[""Athletics Men's 4 x 400 metres Relay""]",['Gold']
45026,Marielle Hall,F,24.0,160.0,51.0,United States,USA,['2016 Summer'],2016,Summer,Rio de Janeiro,Athletics,"[""Athletics Women's 10,000 metres""]",[nan]
45098,"Benjamin ""Ben"" Hallock",M,18.0,199.0,108.0,United States,USA,['2016 Summer'],2016,Summer,Rio de Janeiro,Water Polo,"[""Water Polo Men's Water Polo""]",[nan]
45332,Sarah Kathryn Hammer (-Sparks),F,32.0,171.0,65.0,United States,USA,['2016 Summer'],2016,Summer,Rio de Janeiro,Cycling,"[""Cycling Women's Team Pursuit"", ""Cycling Women's Omnium""]",['Silver']
45525,Vincent Hancock,M,27.0,173.0,80.0,United States,USA,['2016 Summer'],2016,Summer,Rio de Janeiro,Shooting,"[""Shooting Men's Skeet""]",[nan]
45648,Molly Hannis,F,24.0,170.0,70.0,United States,USA,['2016 Summer'],2016,Summer,Rio de Janeiro,Swimming,"[""Swimming Women's 200 metres Breaststroke""]",[nan]
46091,Christa Deanne Harmotto-Dietzen,F,29.0,188.0,79.0,United States,USA,['2016 Summer'],2016,Summer,Rio de Janeiro,Volleyball,"[""Volleyball Women's Volleyball""]",['Bronze']
46207,Kayla Harrison,F,26.0,173.0,74.0,United States,USA,['2016 Summer'],2016,Summer,Rio de Janeiro,Judo,"[""Judo Women's Half-Heavyweight""]",['Gold']
46266,"Michael ""Mike"" Hartfield",M,26.0,191.0,77.0,United States,USA,['2016 Summer'],2016,Summer,Rio de Janeiro,Athletics,"[""Athletics Men's Long Jump""]",[nan]
46542,Natasha Monique Hastings,F,30.0,173.0,68.0,United States,USA,['2016 Summer'],2016,Summer,Rio de Janeiro,Athletics,"[""Athletics Women's 400 metres"", ""Athletics Women's 4 x 400 metres Relay""]","[nan, 'Gold']"
46543,Amy Elizabeth Hastings-Cragg,F,32.0,163.0,45.0,United States,USA,['2016 Summer'],2016,Summer,Rio de Janeiro,Athletics,"[""Athletics Women's Marathon""]",[nan]
46999,Tobin Powell Heath,F,28.0,168.0,59.0,United States,USA,['2016 Summer'],2016,Summer,Rio de Janeiro,Football,"[""Football Women's Football""]",[nan]
47384,Ryan Held,M,21.0,,,United States,USA,['2016 Summer'],2016,Summer,Rio de Janeiro,Swimming,"[""Swimming Men's 4 x 100 metres Freestyle Relay""]",['Gold']
47578,"Jeffrey ""Jeff"" Henderson",M,27.0,183.0,86.0,United States,USA,['2016 Summer'],2016,Summer,Rio de Janeiro,Athletics,"[""Athletics Men's Long Jump""]",['Gold']
47632,Paris Henken,F,20.0,168.0,64.0,United States,USA,['2016 Summer'],2016,Summer,Rio de Janeiro,Sailing,"[""Sailing Women's Skiff""]",[nan]
48041,"Lauren Zoe ""Laurie"" Hernandez",F,16.0,152.0,49.0,United States,USA,['2016 Summer'],2016,Summer,Rio de Janeiro,Gymnastics,"[""Gymnastics Women's Balance Beam"", ""Gymnastics Women's Team All-Around"", ""Gymnastics Women's Floor Exercise""]","[nan, 'Gold', 'Silver']"
48058,Nico Miguel Hernandez,M,20.0,165.0,49.0,United States,USA,['2016 Summer'],2016,Summer,Rio de Janeiro,Boxing,"[""Boxing Men's Light-Flyweight""]",['Bronze']
48478,David Higgins,M,22.0,175.0,68.0,United States,USA,['2016 Summer'],2016,Summer,Rio de Janeiro,Shooting,"[""Shooting Men's Small-Bore Rifle, Prone, 50 metres""]",[nan]
48562,Darrell Hill,M,22.0,191.0,145.0,United States,USA,['2016 Summer'],2016,Summer,Rio de Janeiro,Athletics,"[""Athletics Men's Shot Put""]",[nan]
48581,"Kimberly ""Kim"" Hill",F,26.0,193.0,72.0,United States,USA,['2016 Summer'],2016,Summer,Rio de Janeiro,Volleyball,"[""Volleyball Women's Volleyball""]",['Bronze']
48595,"Samantha ""Sami"" Hill",F,24.0,183.0,89.0,United States,USA,['2016 Summer'],2016,Summer,Rio de Janeiro,Water Polo,"[""Water Polo Women's Water Polo""]",['Gold']
48869,"Michael ""Mike"" Hixon",M,22.0,173.0,68.0,United States,USA,['2016 Summer'],2016,Summer,Rio de Janeiro,Diving,"[""Diving Men's Synchronized Springboard"", ""Diving Men's Springboard""]","[nan, 'Silver']"
49221,"Margaret ""Maggie"" Hogan",F,37.0,170.0,61.0,United States,USA,['2016 Summer'],2016,Summer,Rio de Janeiro,Canoeing,"[""Canoeing Women's Kayak Singles, 200 metres"", ""Canoeing Women's Kayak Singles, 500 metres""]",[nan]
49497,Katharine Holmes,F,23.0,180.0,80.0,United States,USA,['2016 Summer'],2016,Summer,Rio de Janeiro,Fencing,"[""Fencing Women's epee, Individual"", ""Fencing Women's epee, Team""]",[nan]
49581,"Maxwell Philip ""Max"" Holt",M,29.0,208.0,90.0,United States,USA,['2016 Summer'],2016,Summer,Rio de Janeiro,Volleyball,"[""Volleyball Men's Volleyball""]",['Bronze']
49661,Daryl Homer,M,26.0,173.0,74.0,United States,USA,['2016 Summer'],2016,Summer,Rio de Janeiro,Fencing,"[""Fencing Men's Sabre, Individual""]",['Silver']
49891,Lindsey Michelle Horan,F,22.0,175.0,75.0,United States,USA,['2016 Summer'],2016,Summer,Rio de Janeiro,Football,"[""Football Women's Football""]",[nan]
50176,Cyrus Dean Hostetler,M,29.0,188.0,95.0,United States,USA,['2016 Summer'],2016,Summer,Rio de Janeiro,Athletics,"[""Athletics Men's Javelin Throw""]",[nan]
50240,Shelby Houlihan,F,23.0,160.0,54.0,United States,USA,['2016 Summer'],2016,Summer,Rio de Janeiro,Athletics,"[""Athletics Women's 5,000 metres""]",[nan]
50337,Chaunte LaTasha Howard-Lowe,F,32.0,176.0,59.0,United States,USA,['2016 Summer'],2016,Summer,Rio de Janeiro,Athletics,"[""Athletics Women's High Jump""]",[nan]
50778,Molly Huddle (-Benninger),F,31.0,166.0,48.0,United States,USA,['2016 Summer'],2016,Summer,Rio de Janeiro,Athletics,"[""Athletics Women's 10,000 metres""]",[nan]
50861,"David ""Dave"" Hughes",M,38.0,185.0,71.0,United States,USA,['2016 Summer'],2016,Summer,Rio de Janeiro,Sailing,"[""Sailing Men's Two Person Dinghy""]",[nan]
50875,Madison John Hughes,M,23.0,173.0,80.0,United States,USA,['2016 Summer'],2016,Summer,Rio de Janeiro,Rugby Sevens,"[""Rugby Sevens Men's Rugby Sevens""]",[nan]
51133,Courtney Lyn Hurley,F,25.0,173.0,80.0,United States,USA,['2016 Summer'],2016,Summer,Rio de Janeiro,Fencing,"[""Fencing Women's epee, Individual"", ""Fencing Women's epee, Team""]",[nan]
51134,Kelley Anne Hurley,F,28.0,175.0,75.0,United States,USA,['2016 Summer'],2016,Summer,Rio de Janeiro,Fencing,"[""Fencing Women's epee, Individual"", ""Fencing Women's epee, Team""]",[nan]
52020,Race Alick Reid Imboden,M,23.0,185.0,75.0,United States,USA,['2016 Summer'],2016,Summer,Rio de Janeiro,Fencing,"[""Fencing Men's Foil, Team""]",['Bronze']
52109,Emily Infeld,F,26.0,163.0,50.0,United States,USA,['2016 Summer'],2016,Summer,Rio de Janeiro,Athletics,"[""Athletics Women's 10,000 metres""]",[nan]
52302,Martin Iosefo,M,26.0,187.0,95.0,United States,USA,['2016 Summer'],2016,Summer,Rio de Janeiro,Rugby Sevens,"[""Rugby Sevens Men's Rugby Sevens""]",[nan]
52321,Kristian Bettega Ipsen,M,23.0,170.0,73.0,United States,USA,['2016 Summer'],2016,Summer,Rio de Janeiro,Diving,"[""Diving Men's Springboard""]",[nan]
52383,Kyrie Andrew Irving,M,24.0,190.0,87.0,United States,USA,['2016 Summer'],2016,Summer,Rio de Janeiro,Basketball,"[""Basketball Men's Basketball""]",['Gold']
52427,Isabella Isaksen (-El-Geziry),F,22.0,173.0,63.0,United States,USA,['2016 Summer'],2016,Summer,Rio de Janeiro,Modern Pentathlon,"[""Modern Pentathlon Women's Individual""]",[nan]
52429,Margaux Isaksen,F,24.0,178.0,60.0,United States,USA,['2016 Summer'],2016,Summer,Rio de Janeiro,Modern Pentathlon,"[""Modern Pentathlon Women's Individual""]",[nan]
52577,Carlin Russell Isles,M,26.0,173.0,75.0,United States,USA,['2016 Summer'],2016,Summer,Rio de Janeiro,Rugby Sevens,"[""Rugby Sevens Men's Rugby Sevens""]",[nan]
53283,Connor Jaeger,M,25.0,185.0,77.0,United States,USA,['2016 Summer'],2016,Summer,Rio de Janeiro,Swimming,"[""Swimming Men's 1,500 metres Freestyle"", ""Swimming Men's 400 metres Freestyle""]","[nan, 'Silver']"
53289,"Thomas ""Tom"" Jaeschke",M,22.0,198.0,91.0,United States,USA,['2016 Summer'],2016,Summer,Rio de Janeiro,Volleyball,"[""Volleyball Men's Volleyball""]",['Bronze']
53305,Evan Reese Jager,M,27.0,188.0,65.0,United States,USA,['2016 Summer'],2016,Summer,Rio de Janeiro,Athletics,"[""Athletics Men's 3,000 metres Steeplechase""]",['Silver']
54056,Jessica Javelet,F,31.0,168.0,64.0,United States,USA,['2016 Summer'],2016,Summer,Rio de Janeiro,Rugby Sevens,"[""Rugby Sevens Women's Rugby Sevens""]",[nan]
54731,Kanak Jha,M,16.0,166.0,51.0,United States,USA,['2016 Summer'],2016,Summer,Rio de Janeiro,Table Tennis,"[""Table Tennis Men's Singles"", ""Table Tennis Men's Team""]",[nan]
55052,Charles Jock,M,26.0,191.0,75.0,United States,USA,['2016 Summer'],2016,Summer,Rio de Janeiro,Athletics,"[""Athletics Men's 800 metres""]",[nan]
55332,Ashleigh Johnson,F,21.0,186.0,81.0,United States,USA,['2016 Summer'],2016,Summer,Rio de Janeiro,Water Polo,"[""Water Polo Women's Water Polo""]",['Gold']
55372,Felisha Johnson,F,27.0,185.0,127.0,United States,USA,['2016 Summer'],2016,Summer,Rio de Janeiro,Athletics,"[""Athletics Women's Shot Put""]",[nan]
55406,Kathryn Johnson,F,24.0,178.0,70.0,United States,USA,['2016 Summer'],2016,Summer,Rio de Janeiro,Rugby Sevens,"[""Rugby Sevens Women's Rugby Sevens""]",[nan]
55416,Kibw Rasheid Johnson,M,35.0,188.0,102.0,United States,USA,['2016 Summer'],2016,Summer,Rio de Janeiro,Athletics,"[""Athletics Men's Hammer Throw""]",[nan]
55461,Steele Alexander Johnson,M,20.0,188.0,80.0,United States,USA,['2016 Summer'],2016,Summer,Rio de Janeiro,Diving,"[""Diving Men's Synchronized Platform"", ""Diving Men's Platform""]","[nan, 'Silver']"
55463,Steve Johnson,M,26.0,188.0,86.0,United States,USA,['2016 Summer'],2016,Summer,Rio de Janeiro,Tennis,"[""Tennis Men's Doubles"", ""Tennis Men's Singles""]","[nan, 'Bronze']"
55498,"Abigail Louise ""Abby"" Johnston",F,26.0,165.0,61.0,United States,USA,['2016 Summer'],2016,Summer,Rio de Janeiro,Diving,"[""Diving Women's Springboard""]",[nan]
55515,Julie Beth Johnston (-Ertz),F,24.0,170.0,65.0,United States,USA,['2016 Summer'],2016,Summer,Rio de Janeiro,Football,"[""Football Women's Football""]",[nan]
55874,"Hyland DeAndre Jordan, Jr.",M,28.0,211.0,120.0,United States,USA,['2016 Summer'],2016,Summer,Rio de Janeiro,Basketball,"[""Basketball Men's Basketball""]",['Gold']
55916,Gwen Rosemary Jorgensen (-Lemieux),F,30.0,178.0,59.0,United States,USA,['2016 Summer'],2016,Summer,Rio de Janeiro,Triathlon,"[""Triathlon Women's Olympic Distance""]",['Gold']
56887,Chase Tyler Kalisz,M,22.0,193.0,86.0,United States,USA,['2016 Summer'],2016,Summer,Rio de Janeiro,Swimming,"[""Swimming Men's 400 metres Individual Medley""]",['Silver']
56934,Megan Elizabeth Kalmoe,F,32.0,178.0,72.0,United States,USA,['2016 Summer'],2016,Summer,Rio de Janeiro,Rowing,"[""Rowing Women's Quadruple Sculls""]",[nan]
57081,"Jacob Robert ""Jake"" Linde-Kaminski ",M,27.0,178.0,70.0,United States,USA,['2016 Summer'],2016,Summer,Rio de Janeiro,Archery,"[""Archery Men's Team"", ""Archery Men's Individual""]","[nan, 'Silver']"
57265,Alisa Kano,F,21.0,163.0,48.0,United States,USA,['2016 Summer'],2016,Summer,Rio de Janeiro,Rhythmic Gymnastics,"[""Rhythmic Gymnastics Women's Group""]",[nan]
57297,Ben Kanute,M,23.0,183.0,70.0,United States,USA,['2016 Summer'],2016,Summer,Rio de Janeiro,Triathlon,"[""Triathlon Men's Olympic Distance""]",[nan]
57777,"Alexander ""Alex"" Karwoski",M,25.0,193.0,91.0,United States,USA,['2016 Summer'],2016,Summer,Rio de Janeiro,Rowing,"[""Rowing Men's Coxed Eights""]",[nan]
57788,Devery Karz,F,28.0,173.0,59.0,United States,USA,['2016 Summer'],2016,Summer,Rio de Janeiro,Rowing,"[""Rowing Women's Lightweight Double Sculls""]",[nan]
57878,Michelle Plourde Kasold,F,29.0,161.0,53.0,United States,USA,['2016 Summer'],2016,Summer,Rio de Janeiro,Hockey,"[""Hockey Women's Hockey""]",[nan]
57905,"Stephen ""Steve"" Kasprzyk",M,34.0,201.0,103.0,United States,USA,['2016 Summer'],2016,Summer,Rio de Janeiro,Rowing,"[""Rowing Men's Coxed Eights""]",[nan]
58405,"Mebrahtom R. ""Meb"" Keflezighi",M,41.0,166.0,56.0,United States,USA,['2016 Summer'],2016,Summer,Rio de Janeiro,Athletics,"[""Athletics Men's Marathon""]",[nan]
58608,Leyla Alev Kelter,F,25.0,168.0,75.0,United States,USA,['2016 Summer'],2016,Summer,Rio de Janeiro,Rugby Sevens,"[""Rugby Sevens Women's Rugby Sevens""]",[nan]
58688,Sam Kendricks,M,23.0,185.0,80.0,United States,USA,['2016 Summer'],2016,Summer,Rio de Janeiro,Athletics,"[""Athletics Men's Pole Vault""]",['Bronze']
58994,Madison Keys,F,21.0,178.0,68.0,United States,USA,['2016 Summer'],2016,Summer,Rio de Janeiro,Tennis,"[""Tennis Women's Singles""]",[nan]
59588,Lee Kiefer,F,22.0,163.0,49.0,United States,USA,['2016 Summer'],2016,Summer,Rio de Janeiro,Fencing,"[""Fencing Women's Foil, Individual""]",[nan]
59596,Lauren Kieffer,F,29.0,178.0,68.0,United States,USA,['2016 Summer'],2016,Summer,Rio de Janeiro,Equestrianism,"['Equestrianism Mixed Three-Day Event, Team', 'Equestrianism Mixed Three-Day Event, Individual']",[nan]
60479,Edward King,M,27.0,193.0,77.0,United States,USA,['2016 Summer'],2016,Summer,Rio de Janeiro,Rowing,"[""Rowing Men's Lightweight Coxless Fours""]",[nan]
60494,Lilly King,F,19.0,175.0,70.0,United States,USA,['2016 Summer'],2016,Summer,Rio de Janeiro,Swimming,"[""Swimming Women's 200 metres Breaststroke"", ""Swimming Women's 100 metres Breaststroke"", ""Swimming Women's 4 x 100 metres Medley Relay""]","[nan, 'Gold']"
60499,Morghan Whitney King,F,30.0,153.0,48.0,United States,USA,['2016 Summer'],2016,Summer,Rio de Janeiro,Weightlifting,"[""Weightlifting Women's Flyweight""]",[nan]
60572,"Jaclyn Elisabeth ""Jackie"" Kintzer-Briggs",F,28.0,168.0,61.0,United States,USA,['2016 Summer'],2016,Summer,Rio de Janeiro,Hockey,"[""Hockey Women's Hockey""]",[nan]
60588,Shadrack Kipchirchir,M,27.0,173.0,54.0,United States,USA,['2016 Summer'],2016,Summer,Rio de Janeiro,Athletics,"[""Athletics Men's 10,000 metres""]",[nan]
61293,Meghan Elizabeth Klingenberg,F,28.0,157.0,55.0,United States,USA,['2016 Summer'],2016,Summer,Rio de Janeiro,Football,"[""Football Women's Football""]",[nan]
61812,Madison Taylor Kocian,F,19.0,157.0,46.0,United States,USA,['2016 Summer'],2016,Summer,Rio de Janeiro,Gymnastics,"[""Gymnastics Women's Uneven Bars"", ""Gymnastics Women's Team All-Around""]","['Silver', 'Gold']"
62260,Kelsey Kolojejchick,F,24.0,161.0,61.0,United States,USA,['2016 Summer'],2016,Summer,Rio de Janeiro,Hockey,"[""Hockey Women's Hockey""]",[nan]
62449,Josh Konieczny,M,25.0,180.0,75.0,United States,USA,['2016 Summer'],2016,Summer,Rio de Janeiro,Rowing,"[""Rowing Men's Lightweight Double Sculls""]",[nan]
62791,Leonard Essau Korir,M,29.0,170.0,59.0,United States,USA,['2016 Summer'],2016,Summer,Rio de Janeiro,Athletics,"[""Athletics Men's 10,000 metres""]",[nan]
62854,Mariya Koroleva,F,26.0,165.0,56.0,United States,USA,['2016 Summer'],2016,Summer,Rio de Janeiro,Synchronized Swimming,"[""Synchronized Swimming Women's Duet""]",[nan]
63392,"Joseph Mathias ""Joe"" Kovacs",M,27.0,183.0,134.0,United States,USA,['2016 Summer'],2016,Summer,Rio de Janeiro,Athletics,"[""Athletics Men's Shot Put""]",['Silver']
63560,Lucas Kozeniesky,M,21.0,180.0,80.0,United States,USA,['2016 Summer'],2016,Summer,Rio de Janeiro,Shooting,"[""Shooting Men's Air Rifle, 10 metres""]",[nan]
64032,"Alexandra Blaire ""Ali"" Krieger",F,32.0,168.0,63.0,United States,USA,['2016 Summer'],2016,Summer,Rio de Janeiro,Football,"[""Football Women's Football""]",[nan]
64576,"Matthew Gregory ""Matt"" Kuchar",M,38.0,193.0,86.0,United States,USA,['2016 Summer'],2016,Summer,Rio de Janeiro,Golf,"[""Golf Men's Individual""]",['Bronze']
64637,Denis Kudla,M,23.0,180.0,80.0,United States,USA,['2016 Summer'],2016,Summer,Rio de Janeiro,Tennis,"[""Tennis Men's Singles""]",[nan]
65542,"Erik Kynard, Jr.",M,25.0,194.0,89.0,United States,USA,['2016 Summer'],2016,Summer,Rio de Janeiro,Athletics,"[""Athletics Men's High Jump""]",[nan]
65854,Bernard Kipchirchir Lagat,M,41.0,173.0,58.0,United States,USA,['2016 Summer'],2016,Summer,Rio de Janeiro,Athletics,"[""Athletics Men's 5,000 metres""]",[nan]
66131,Stephen Lambdin,M,28.0,188.0,109.0,United States,USA,['2016 Summer'],2016,Summer,Rio de Janeiro,Taekwondo,"[""Taekwondo Men's Heavyweight""]",[nan]
66861,Jordan Quinn Larson-Burbach,F,29.0,188.0,75.0,United States,USA,['2016 Summer'],2016,Summer,Rio de Janeiro,Volleyball,"[""Volleyball Women's Volleyball""]",['Bronze']
67047,Grace Latz,F,28.0,183.0,80.0,United States,USA,['2016 Summer'],2016,Summer,Rio de Janeiro,Rowing,"[""Rowing Women's Quadruple Sculls""]",[nan]
67357,Jarrion Lawson,M,22.0,188.0,78.0,United States,USA,['2016 Summer'],2016,Summer,Rio de Janeiro,Athletics,"[""Athletics Men's Long Jump"", ""Athletics Men's 4 x 100 metres Relay""]",[nan]
67558,"Robert ""Bobby"" Lea",M,32.0,188.0,77.0,United States,USA,['2016 Summer'],2016,Summer,Rio de Janeiro,Cycling,"[""Cycling Men's Omnium""]",[nan]
67746,"Kathleen Genevieve ""Katie"" Ledecky",F,19.0,183.0,73.0,United States,USA,['2016 Summer'],2016,Summer,Rio de Janeiro,Swimming,"[""Swimming Women's 4 x 100 metres Freestyle Relay"", ""Swimming Women's 800 metres Freestyle"", ""Swimming Women's 400 metres Freestyle"", ""Swimming Women's 4 x 200 metres Freestyle Relay"", ""Swimming Women's 200 metres Freestyle""]","['Silver', 'Gold']"
67839,David Cameron Lee,M,34.0,203.0,105.0,United States,USA,['2016 Summer'],2016,Summer,Rio de Janeiro,Volleyball,"[""Volleyball Men's Volleyball""]",['Bronze']
67867,Eva Lee,F,29.0,168.0,59.0,United States,USA,['2016 Summer'],2016,Summer,Rio de Janeiro,Badminton,"[""Badminton Women's Doubles""]",[nan]
68847,Marion Lepert,F,20.0,178.0,61.0,United States,USA,['2016 Summer'],2016,Summer,Rio de Janeiro,Sailing,"[""Sailing Women's Windsurfer""]",[nan]
69258,Stacy Lewis (-Chadwell),F,31.0,165.0,60.0,United States,USA,['2016 Summer'],2016,Summer,Rio de Janeiro,Golf,"[""Golf Women's Individual""]",[nan]
69285,Danell Johan Leyva Gonzalez,M,24.0,170.0,68.0,United States,USA,['2016 Summer'],2016,Summer,Rio de Janeiro,Gymnastics,"[""Gymnastics Men's Horizontal Bar"", ""Gymnastics Men's Team All-Around"", ""Gymnastics Men's Pommelled Horse"", ""Gymnastics Men's Parallel Bars""]","[nan, 'Silver']"
70498,Jay Litherland,M,20.0,183.0,80.0,United States,USA,['2016 Summer'],2016,Summer,Rio de Janeiro,Swimming,"[""Swimming Men's 400 metres Individual Medley""]",[nan]
70843,Carli Anne Lloyd (-Hollins),F,34.0,170.0,64.0,United States,USA,['2016 Summer'],2016,Summer,Rio de Janeiro,Football,"[""Football Women's Football""]",[nan]
70844,Carli Ellen Lloyd,F,26.0,180.0,75.0,United States,USA,['2016 Summer'],2016,Summer,Rio de Janeiro,Volleyball,"[""Volleyball Women's Volleyball""]",['Bronze']
70965,Ryan Steven Lochte,M,32.0,188.0,88.0,United States,USA,['2016 Summer'],2016,Summer,Rio de Janeiro,Swimming,"[""Swimming Men's 4 x 200 metres Freestyle Relay"", ""Swimming Men's 200 metres Individual Medley""]","[nan, 'Gold']"
71034,"Eleanor ""Elle"" Logan",F,28.0,188.0,86.0,United States,USA,['2016 Summer'],2016,Summer,Rio de Janeiro,Rowing,"[""Rowing Women's Coxed Eights""]",['Gold']
71191,"Alexandra Linsley ""Allie"" Long",F,28.0,173.0,64.0,United States,USA,['2016 Summer'],2016,Summer,Rio de Janeiro,Football,"[""Football Women's Football""]",[nan]
71205,"Nicholas James ""Nic"" Long",M,26.0,188.0,86.0,United States,USA,['2016 Summer'],2016,Summer,Rio de Janeiro,Cycling,"[""Cycling Men's BMX""]",[nan]
71467,Steven Lopez,M,37.0,191.0,83.0,United States,USA,['2016 Summer'],2016,Summer,Rio de Janeiro,Taekwondo,"[""Taekwondo Men's Welterweight""]",[nan]
71788,"Daniel ""Dan"" Lowe",M,23.0,183.0,82.0,United States,USA,['2016 Summer'],2016,Summer,Rio de Janeiro,Shooting,"[""Shooting Men's Small-Bore Rifle, Three Positions, 50 metres"", ""Shooting Men's Air Rifle, 10 metres""]",[nan]
71799,Karsta Lowe,F,23.0,193.0,82.0,United States,USA,['2016 Summer'],2016,Summer,Rio de Janeiro,Volleyball,"[""Volleyball Women's Volleyball""]",['Bronze']
71822,Kyle Lowry,M,30.0,183.0,93.0,United States,USA,['2016 Summer'],2016,Summer,Rio de Janeiro,Basketball,"[""Basketball Men's Basketball""]",['Gold']
72023,"Nicholas ""Nick"" Lucena",M,36.0,185.0,84.0,United States-1,USA,['2016 Summer'],2016,Summer,Rio de Janeiro,Beach Volleyball,"[""Beach Volleyball Men's Beach Volleyball""]",[nan]
72072,Grace Luczak,F,27.0,191.0,77.0,United States,USA,['2016 Summer'],2016,Summer,Rio de Janeiro,Rowing,"[""Rowing Women's Coxless Pairs""]",[nan]
73175,"Elizabeth ""Beezie"" Madden (Patton-)",F,52.0,168.0,63.0,United States,USA,['2016 Summer'],2016,Summer,Rio de Janeiro,Equestrianism,"['Equestrianism Mixed Jumping, Team', 'Equestrianism Mixed Jumping, Individual']","[nan, 'Silver']"
73221,Tianna Madison-Bartoletta,F,30.0,168.0,58.0,United States,USA,['2016 Summer'],2016,Summer,Rio de Janeiro,Athletics,"[""Athletics Women's Long Jump"", ""Athletics Women's 4 x 100 metres Relay"", ""Athletics Women's 100 metres""]","[nan, 'Gold']"
74135,"Martilou ""Marti"" Malloy",F,30.0,161.0,58.0,United States,USA,['2016 Summer'],2016,Summer,Rio de Janeiro,Judo,"[""Judo Women's Lightweight""]",[nan]
74177,Maggie Malone,F,22.0,173.0,77.0,United States,USA,['2016 Summer'],2016,Summer,Rio de Janeiro,Athletics,"[""Athletics Women's Javelin Throw""]",[nan]
74197,Joe Maloy,M,30.0,175.0,65.0,United States,USA,['2016 Summer'],2016,Summer,Rio de Janeiro,Triathlon,"[""Triathlon Men's Olympic Distance""]",[nan]
74477,Alyssa Manley,F,22.0,158.0,53.0,United States,USA,['2016 Summer'],2016,Summer,Rio de Janeiro,Hockey,"[""Hockey Women's Hockey""]",[nan]
74485,John Devlin Mann,M,31.0,199.0,113.0,United States,USA,['2016 Summer'],2016,Summer,Rio de Janeiro,Water Polo,"[""Water Polo Men's Water Polo""]",[nan]
74639,Simone Ashley Manuel,F,20.0,178.0,73.0,United States,USA,['2016 Summer'],2016,Summer,Rio de Janeiro,Swimming,"[""Swimming Women's 50 metres Freestyle"", ""Swimming Women's 4 x 100 metres Medley Relay"", ""Swimming Women's 100 metres Freestyle"", ""Swimming Women's 4 x 100 metres Freestyle Relay""]","['Silver', 'Gold']"
74950,Melanie Margalis,F,24.0,173.0,65.0,United States,USA,['2016 Summer'],2016,Summer,Rio de Janeiro,Swimming,"[""Swimming Women's 200 metres Individual Medley"", ""Swimming Women's 4 x 200 metres Freestyle Relay""]","[nan, 'Gold']"
75285,Helen Louise Maroulis,F,24.0,163.0,57.0,United States,USA,['2016 Summer'],2016,Summer,Rio de Janeiro,Wrestling,"[""Wrestling Women's Featherweight, Freestyle""]",['Gold']
75468,Adrienne Elizabeth  Martelli,F,28.0,186.0,77.0,United States,USA,['2016 Summer'],2016,Summer,Rio de Janeiro,Rowing,"[""Rowing Women's Quadruple Sculls""]",[nan]
75538,Boyd Martin,M,36.0,188.0,79.0,United States,USA,['2016 Summer'],2016,Summer,Rio de Janeiro,Equestrianism,"['Equestrianism Mixed Three-Day Event, Team', 'Equestrianism Mixed Three-Day Event, Individual']",[nan]
75698,Brenda Martinez,F,28.0,170.0,56.0,United States,USA,['2016 Summer'],2016,Summer,Rio de Janeiro,Athletics,"[""Athletics Women's 1,500 metres""]",[nan]
76230,Alexander Chen Massialas,M,22.0,188.0,81.0,United States,USA,['2016 Summer'],2016,Summer,Rio de Janeiro,Fencing,"[""Fencing Men's Foil, Individual"", ""Fencing Men's Foil, Team""]","['Silver', 'Bronze']"
76407,Courtney Lynn Kaiulani  Mathewson,F,29.0,171.0,69.0,United States,USA,['2016 Summer'],2016,Summer,Rio de Janeiro,Water Polo,"[""Water Polo Women's Water Polo""]",['Gold']
76644,Bethanie Lynn Mattek-Sands,F,31.0,168.0,66.0,United States-2,USA,['2016 Summer'],2016,Summer,Rio de Janeiro,Tennis,"['Tennis Mixed Doubles', ""Tennis Women's Doubles""]","[nan, 'Gold']"
76993,Mikaela Joslin Mayer,F,26.0,175.0,60.0,United States,USA,['2016 Summer'],2016,Summer,Rio de Janeiro,Boxing,"[""Boxing Women's Lightweight""]",[nan]
77390,Francena Lynette McCorory,F,27.0,171.0,68.0,United States,USA,['2016 Summer'],2016,Summer,Rio de Janeiro,Athletics,"[""Athletics Women's 4 x 400 metres Relay""]",['Gold']
77394,Angel Lajuane McCoughtry,F,29.0,185.0,70.0,United States,USA,['2016 Summer'],2016,Summer,Rio de Janeiro,Basketball,"[""Basketball Women's Basketball""]",['Gold']
77425,Conor McCullough,M,25.0,196.0,107.0,United States,USA,['2016 Summer'],2016,Summer,Rio de Janeiro,Athletics,"[""Athletics Men's Hammer Throw""]",[nan]
77508,Devin McEwan,M,31.0,178.0,77.0,United States,USA,['2016 Summer'],2016,Summer,Rio de Janeiro,Canoeing,"[""Canoeing Men's Canadian Doubles, Slalom""]",[nan]
77543,Natalie McGiffert,F,19.0,160.0,44.0,United States,USA,['2016 Summer'],2016,Summer,Rio de Janeiro,Rhythmic Gymnastics,"[""Rhythmic Gymnastics Women's Group""]",[nan]
77782,Sydney McLaughlin,F,16.0,175.0,60.0,United States,USA,['2016 Summer'],2016,Summer,Rio de Janeiro,Athletics,"[""Athletics Women's 400 metres Hurdles""]",[nan]
77907,"Stuart ""Stu"" McNay",M,35.0,171.0,65.0,United States,USA,['2016 Summer'],2016,Summer,Rio de Janeiro,Sailing,"[""Sailing Men's Two Person Dinghy""]",[nan]
77932,Michael McPhail,M,34.0,183.0,89.0,United States,USA,['2016 Summer'],2016,Summer,Rio de Janeiro,Shooting,"[""Shooting Men's Small-Bore Rifle, Prone, 50 metres""]",[nan]
77939,Inika McPherson,F,29.0,165.0,52.0,United States,USA,['2016 Summer'],2016,Summer,Rio de Janeiro,Athletics,"[""Athletics Women's High Jump""]",[nan]
77940,Paige Arielle McPherson,F,25.0,173.0,65.0,United States,USA,['2016 Summer'],2016,Summer,Rio de Janeiro,Taekwondo,"[""Taekwondo Women's Welterweight""]",[nan]
77950,Tony McQuay,M,26.0,181.0,72.0,United States,USA,['2016 Summer'],2016,Summer,Rio de Janeiro,Athletics,"[""Athletics Men's 4 x 400 metres Relay""]",['Gold']
77983,Hassan Mead,M,25.0,188.0,66.0,United States,USA,['2016 Summer'],2016,Summer,Rio de Janeiro,Athletics,"[""Athletics Men's 5,000 metres""]",[nan]
78267,"Catherine Michelle ""Katie"" Meili",F,25.0,170.0,61.0,United States,USA,['2016 Summer'],2016,Summer,Rio de Janeiro,Swimming,"[""Swimming Women's 100 metres Breaststroke"", ""Swimming Women's 4 x 100 metres Medley Relay""]","['Bronze', 'Gold']"
78281,Gerek Lin Meinhardt,M,26.0,183.0,80.0,United States,USA,['2016 Summer'],2016,Summer,Rio de Janeiro,Fencing,"[""Fencing Men's Foil, Individual"", ""Fencing Men's Foil, Team""]","[nan, 'Bronze']"
78531,Miranda Melville,F,27.0,157.0,50.0,United States,USA,['2016 Summer'],2016,Summer,Rio de Janeiro,Athletics,"[""Athletics Women's 20 kilometres Walk""]",[nan]
78964,LaShawn Merritt,M,30.0,191.0,86.0,United States,USA,['2016 Summer'],2016,Summer,Rio de Janeiro,Athletics,"[""Athletics Men's 400 metres"", ""Athletics Men's 4 x 400 metres Relay"", ""Athletics Men's 200 metres""]","[nan, 'Gold', 'Bronze']"
79447,Maria Lynn Michta-Coffey,F,30.0,166.0,49.0,United States,USA,['2016 Summer'],2016,Summer,Rio de Janeiro,Athletics,"[""Athletics Women's 20 kilometres Walk""]",[nan]
79722,"Samuel Anthony ""Sam"" Mikulak",M,23.0,165.0,64.0,United States,USA,['2016 Summer'],2016,Summer,Rio de Janeiro,Gymnastics,"[""Gymnastics Men's Individual All-Around"", ""Gymnastics Men's Team All-Around"", ""Gymnastics Men's Horizontal Bar"", ""Gymnastics Men's Floor Exercise"", ""Gymnastics Men's Pommelled Horse"", ""Gymnastics Men's Parallel Bars"", ""Gymnastics Men's Rings""]",[nan]
79803,Emil Ivanov Milev,M,48.0,178.0,84.0,United States,USA,['2016 Summer'],2016,Summer,Rio de Janeiro,Shooting,"[""Shooting Men's Rapid-Fire Pistol, 25 metres""]",[nan]
79881,Cody Miller,M,24.0,180.0,80.0,United States,USA,['2016 Summer'],2016,Summer,Rio de Janeiro,Swimming,"[""Swimming Men's 4 x 100 metres Medley Relay"", ""Swimming Men's 100 metres Breaststroke""]","['Bronze', 'Gold']"
79922,"Matthew ""Matt"" Miller",M,27.0,196.0,99.0,United States,USA,['2016 Summer'],2016,Summer,Rio de Janeiro,Rowing,"[""Rowing Men's Coxless Fours""]",[nan]
79945,Heather Miller-Koch,F,29.0,175.0,64.0,United States,USA,['2016 Summer'],2016,Summer,Rio de Janeiro,Athletics,"[""Athletics Women's Heptathlon""]",[nan]
81160,Frank Aniello Molinaro,M,27.0,163.0,70.0,United States,USA,['2016 Summer'],2016,Summer,Rio de Janeiro,Wrestling,"[""Wrestling Men's Welterweight, Freestyle""]",[nan]
81538,Clark Montgomery,M,35.0,183.0,70.0,United States,USA,['2016 Summer'],2016,Summer,Rio de Janeiro,Equestrianism,"['Equestrianism Mixed Three-Day Event, Team', 'Equestrianism Mixed Three-Day Event, Individual']",[nan]
81671,Maya April Moore,F,27.0,183.0,79.0,United States,USA,['2016 Summer'],2016,Summer,Rio de Janeiro,Basketball,"[""Basketball Women's Basketball""]",['Gold']
82008,"Alexandra Patricia ""Alex"" Morgan",F,27.0,173.0,62.0,United States,USA,['2016 Summer'],2016,Summer,Rio de Janeiro,Football,"[""Football Women's Football""]",[nan]
82257,"Joseph ""Joe"" Morris",M,26.0,178.0,80.0,United States,USA,['2016 Summer'],2016,Summer,Rio de Janeiro,Sailing,"[""Sailing Men's Skiff""]",[nan]
82271,Sandi Morris,F,24.0,173.0,62.0,United States,USA,['2016 Summer'],2016,Summer,Rio de Janeiro,Athletics,"[""Athletics Women's Pole Vault""]",['Silver']
82418,Merrill Moses,M,38.0,191.0,97.0,United States,USA,['2016 Summer'],2016,Summer,Rio de Janeiro,Water Polo,"[""Water Polo Men's Water Polo""]",[nan]
82865,Felice Mueller,F,26.0,185.0,73.0,United States,USA,['2016 Summer'],2016,Summer,Rio de Janeiro,Rowing,"[""Rowing Women's Coxless Pairs""]",[nan]
82900,Dalilah Muhammad,F,26.0,173.0,55.0,United States,USA,['2016 Summer'],2016,Summer,Rio de Janeiro,Athletics,"[""Athletics Women's 400 metres Hurdles""]",['Gold']
82901,Ibtihaj Muhammad,F,30.0,170.0,68.0,United States,USA,['2016 Summer'],2016,Summer,Rio de Janeiro,Fencing,"[""Fencing Women's Sabre, Individual"", ""Fencing Women's Sabre, Team""]","[nan, 'Bronze']"
83307,"Robert ""Rob"" Munn",M,26.0,193.0,98.0,United States,USA,['2016 Summer'],2016,Summer,Rio de Janeiro,Rowing,"[""Rowing Men's Coxed Eights""]",[nan]
83514,Clayton Murphy,M,21.0,180.0,68.0,United States,USA,['2016 Summer'],2016,Summer,Rio de Janeiro,Athletics,"[""Athletics Men's 800 metres""]",['Bronze']
83534,Kelly Murphy,F,26.0,188.0,77.0,United States,USA,['2016 Summer'],2016,Summer,Rio de Janeiro,Volleyball,"[""Volleyball Women's Volleyball""]",['Bronze']
83545,Ryan Murphy,M,21.0,191.0,91.0,United States,USA,['2016 Summer'],2016,Summer,Rio de Janeiro,Swimming,"[""Swimming Men's 100 metres Backstroke"", ""Swimming Men's 4 x 100 metres Medley Relay"", ""Swimming Men's 200 metres Backstroke""]",['Gold']
83692,Meghan Musnicki,F,33.0,183.0,73.0,United States,USA,['2016 Summer'],2016,Summer,Rio de Janeiro,Rowing,"[""Rowing Women's Coxed Eights""]",['Gold']
83703,"Madeline ""Maddie"" Musselman",F,18.0,181.0,65.0,United States,USA,['2016 Summer'],2016,Summer,Rio de Janeiro,Water Polo,"[""Water Polo Women's Water Polo""]",['Gold']
84014,"Alexander Michael ""Alex"" Naddour",M,25.0,170.0,70.0,United States,USA,['2016 Summer'],2016,Summer,Rio de Janeiro,Gymnastics,"[""Gymnastics Men's Team All-Around"", ""Gymnastics Men's Rings"", ""Gymnastics Men's Floor Exercise"", ""Gymnastics Men's Pommelled Horse""]","[nan, 'Bronze']"
84586,Tyler Nase,M,25.0,183.0,71.0,United States,USA,['2016 Summer'],2016,Summer,Rio de Janeiro,Rowing,"[""Rowing Men's Lightweight Coxless Fours""]",[nan]
84965,Lia Neal,F,21.0,178.0,75.0,United States,USA,['2016 Summer'],2016,Summer,Rio de Janeiro,Swimming,"[""Swimming Women's 4 x 100 metres Freestyle Relay""]",['Silver']
85037,Ashley Nee,F,27.0,163.0,55.0,United States,USA,['2016 Summer'],2016,Summer,Rio de Janeiro,Canoeing,"[""Canoeing Women's Kayak Singles, Slalom""]",[nan]
85507,Kiley Neushul,F,23.0,173.0,65.0,United States,USA,['2016 Summer'],2016,Summer,Rio de Janeiro,Water Polo,"[""Water Polo Women's Water Polo""]",['Gold']
86571,Folau Moeloa Niua,M,31.0,183.0,89.0,United States,USA,['2016 Summer'],2016,Summer,Rio de Janeiro,Rugby Sevens,"[""Rugby Sevens Men's Rugby Sevens""]",[nan]
87356,John Hamilton Nunn,M,38.0,188.0,78.0,United States,USA,['2016 Summer'],2016,Summer,Rio de Janeiro,Athletics,"[""Athletics Men's 50 kilometres Walk""]",[nan]
87436,Barbara Udoezi Nwaba,F,27.0,175.0,66.0,United States,USA,['2016 Summer'],2016,Summer,Rio de Janeiro,Athletics,"[""Athletics Women's Heptathlon""]",[nan]
87691,Paula Lynn Parrocho  Obanana,F,31.0,160.0,58.0,United States,USA,['2016 Summer'],2016,Summer,Rio de Janeiro,Badminton,"[""Badminton Women's Doubles""]",[nan]
87764,Alex Obert,M,24.0,196.0,105.0,United States,USA,['2016 Summer'],2016,Summer,Rio de Janeiro,Water Polo,"[""Water Polo Men's Water Polo""]",[nan]
87911,Glenn Ochal,M,30.0,194.0,95.0,United States,USA,['2016 Summer'],2016,Summer,Rio de Janeiro,Rowing,"[""Rowing Men's Coxed Eights""]",[nan]
87956,"Kathleen ""Katie"" O'Donnell-Bam",F,27.0,155.0,54.0,United States,USA,['2016 Summer'],2016,Summer,Rio de Janeiro,Hockey,"[""Hockey Women's Hockey""]",[nan]
88226,Kelley Maureen O'Hara,F,27.0,165.0,58.0,United States,USA,['2016 Summer'],2016,Summer,Rio de Janeiro,Football,"[""Football Women's Football""]",[nan]
88373,"Samuel ""Sam"" Ojserkis",M,26.0,173.0,55.0,United States,USA,['2016 Summer'],2016,Summer,Rio de Janeiro,Rowing,"[""Rowing Men's Coxed Eights""]",[nan]
88474,Courtney Okolo,F,22.0,173.0,59.0,United States,USA,['2016 Summer'],2016,Summer,Rio de Janeiro,Athletics,"[""Athletics Women's 4 x 400 metres Relay""]",['Gold']
88555,Meghan O'Leary,F,31.0,183.0,74.0,United States,USA,['2016 Summer'],2016,Summer,Rio de Janeiro,Rowing,"[""Rowing Women's Double Sculls""]",[nan]
89439,Keturah Orji,F,20.0,165.0,61.0,United States,USA,['2016 Summer'],2016,Summer,Rio de Janeiro,Athletics,"[""Athletics Women's Triple Jump""]",[nan]
90604,Caleb Paine,M,25.0,191.0,98.0,United States,USA,['2016 Summer'],2016,Summer,Rio de Janeiro,Sailing,"[""Sailing Men's One Person Heavyweight Dinghy""]",['Bronze']
91769,Jessica Parratto,F,22.0,157.0,51.0,United States,USA,['2016 Summer'],2016,Summer,Rio de Janeiro,Diving,"[""Diving Women's Synchronized Platform"", ""Diving Women's Platform""]",[nan]
91882,Pedro Pascual Suitt,M,20.0,185.0,70.0,United States,USA,['2016 Summer'],2016,Summer,Rio de Janeiro,Sailing,"[""Sailing Men's Windsurfer""]",[nan]
92027,Lydia Paterson,F,19.0,163.0,70.0,United States,USA,['2016 Summer'],2016,Summer,Rio de Janeiro,Shooting,"[""Shooting Women's Air Pistol, 10 metres""]",[nan]
92105,Casey Patterson,M,36.0,198.0,89.0,United States-2,USA,['2016 Summer'],2016,Summer,Rio de Janeiro,Beach Volleyball,"[""Beach Volleyball Men's Beach Volleyball""]",[nan]
92125,Kara Estelle Patterson-Winger,F,30.0,183.0,83.0,United States,USA,['2016 Summer'],2016,Summer,Rio de Janeiro,Athletics,"[""Athletics Women's Javelin Throw""]",[nan]
92531,Jacob Pebley,M,22.0,193.0,86.0,United States,USA,['2016 Summer'],2016,Summer,Rio de Janeiro,Swimming,"[""Swimming Men's 200 metres Backstroke""]",[nan]
93605,Kasey Perry-Glass,F,28.0,163.0,59.0,United States,USA,['2016 Summer'],2016,Summer,Rio de Janeiro,Equestrianism,"['Equestrianism Mixed Dressage, Team', 'Equestrianism Mixed Dressage, Individual']","[nan, 'Bronze']"
93840,Steffen Peters,M,51.0,173.0,68.0,United States,USA,['2016 Summer'],2016,Summer,Rio de Janeiro,Equestrianism,"['Equestrianism Mixed Dressage, Team', 'Equestrianism Mixed Dressage, Individual']","[nan, 'Bronze']"
94406,"Michael Fred Phelps, II",M,31.0,193.0,91.0,United States,USA,['2016 Summer'],2016,Summer,Rio de Janeiro,Swimming,"[""Swimming Men's 100 metres Butterfly"", ""Swimming Men's 4 x 200 metres Freestyle Relay"", ""Swimming Men's 4 x 100 metres Freestyle Relay"", ""Swimming Men's 200 metres Butterfly"", ""Swimming Men's 4 x 100 metres Medley Relay"", ""Swimming Men's 200 metres Individual Medley""]","['Silver', 'Gold']"
94505,Taylor Phinney,M,26.0,196.0,81.0,United States,USA,['2016 Summer'],2016,Summer,Rio de Janeiro,Cycling,"[""Cycling Men's Individual Time Trial"", ""Cycling Men's Road Race, Individual""]",[nan]
94713,Blake Pieroni,M,20.0,188.0,86.0,United States,USA,['2016 Summer'],2016,Summer,Rio de Janeiro,Swimming,"[""Swimming Men's 4 x 100 metres Freestyle Relay""]",['Gold']
94882,Gerina Michelle Piller (Mendoza-),F,31.0,170.0,65.0,United States,USA,['2016 Summer'],2016,Summer,Rio de Janeiro,Golf,"[""Golf Women's Individual""]",[nan]
95002,Ben Pinkelman,M,22.0,193.0,100.0,United States,USA,['2016 Summer'],2016,Summer,Rio de Janeiro,Rugby Sevens,"[""Rugby Sevens Men's Rugby Sevens""]",[nan]
95168,Elena Sergeyevna Pirozhkova,F,29.0,168.0,72.0,United States,USA,['2016 Summer'],2016,Summer,Rio de Janeiro,Wrestling,"[""Wrestling Women's Middleweight, Freestyle""]",[nan]
95532,David Edward Plummer,M,30.0,191.0,95.0,United States,USA,['2016 Summer'],2016,Summer,Rio de Janeiro,Swimming,"[""Swimming Men's 100 metres Backstroke"", ""Swimming Men's 4 x 100 metres Medley Relay""]","['Bronze', 'Gold']"
95862,Amanda Polk,F,30.0,180.0,84.0,United States,USA,['2016 Summer'],2016,Summer,Rio de Janeiro,Rowing,"[""Rowing Women's Coxed Eights""]",['Gold']
96020,Sattawat Pongnairat,M,26.0,180.0,70.0,United States,USA,['2016 Summer'],2016,Summer,Rio de Janeiro,Badminton,"[""Badminton Men's Doubles""]",[nan]
96315,"Jeffrey Issack ""Jeff"" Porter",M,30.0,183.0,86.0,United States,USA,['2016 Summer'],2016,Summer,Rio de Janeiro,Athletics,"[""Athletics Men's 110 metres Hurdles""]",[nan]
96399,Alise Rose Post,F,25.0,158.0,58.0,United States,USA,['2016 Summer'],2016,Summer,Rio de Janeiro,Cycling,"[""Cycling Women's BMX""]",['Silver']
96488,Jillion Paige  Potter,F,30.0,178.0,80.0,United States,USA,['2016 Summer'],2016,Summer,Rio de Janeiro,Rugby Sevens,"[""Rugby Sevens Women's Rugby Sevens""]",[nan]
96737,Jenna Prandini,F,23.0,173.0,60.0,United States,USA,['2016 Summer'],2016,Summer,Rio de Janeiro,Athletics,"[""Athletics Women's 200 metres""]",[nan]
96857,Robin Prendes,M,27.0,186.0,72.0,United States,USA,['2016 Summer'],2016,Summer,Rio de Janeiro,Rowing,"[""Rowing Men's Lightweight Coxless Fours""]",[nan]
96858,Josh Prenot,M,23.0,180.0,76.0,United States,USA,['2016 Summer'],2016,Summer,Rio de Janeiro,Swimming,"[""Swimming Men's 200 metres Breaststroke""]",['Silver']
96874,Nzingha Prescod,F,23.0,163.0,62.0,United States,USA,['2016 Summer'],2016,Summer,Rio de Janeiro,Fencing,"[""Fencing Women's Foil, Individual""]",[nan]
96878,Christen Annemarie Press,F,27.0,168.0,61.0,United States,USA,['2016 Summer'],2016,Summer,Rio de Janeiro,Football,"[""Football Women's Football""]",[nan]
96938,DeAnna Marie Price,F,23.0,173.0,100.0,United States,USA,['2016 Summer'],2016,Summer,Rio de Janeiro,Athletics,"[""Athletics Women's Hammer Throw""]",[nan]
96957,William Reid Priddy,M,38.0,194.0,89.0,United States,USA,['2016 Summer'],2016,Summer,Rio de Janeiro,Volleyball,"[""Volleyball Men's Volleyball""]",['Bronze']
97249,Briana Provancha,F,27.0,170.0,67.0,United States,USA,['2016 Summer'],2016,Summer,Rio de Janeiro,Sailing,"[""Sailing Women's Two Person Dinghy""]",[nan]
97256,"Benjamin Errol ""Ben"" Provisor",M,26.0,173.0,88.0,United States,USA,['2016 Summer'],2016,Summer,Rio de Janeiro,Wrestling,"[""Wrestling Men's Light-Heavyweight, Greco-Roman""]",[nan]
97313,Jason Pryor,M,28.0,175.0,80.0,United States,USA,['2016 Summer'],2016,Summer,Rio de Janeiro,Fencing,"[""Fencing Men's epee, Individual""]",[nan]
97428,Mallory Diane Pugh,F,18.0,163.0,55.0,United States,USA,['2016 Summer'],2016,Summer,Rio de Janeiro,Football,"[""Football Women's Football""]",[nan]
97895,Colleen Quigley,F,23.0,175.0,61.0,United States,USA,['2016 Summer'],2016,Summer,Rio de Janeiro,Athletics,"[""Athletics Women's 3,000 metres Steeplechase""]",[nan]
98410,Paige Railey,F,29.0,173.0,66.0,United States,USA,['2016 Summer'],2016,Summer,Rio de Janeiro,Sailing,"[""Sailing Women's One Person Dinghy""]",[nan]
98437,"Alexandra Rose ""Aly"" Raisman",F,22.0,157.0,52.0,United States,USA,['2016 Summer'],2016,Summer,Rio de Janeiro,Gymnastics,"[""Gymnastics Women's Balance Beam"", ""Gymnastics Women's Uneven Bars"", ""Gymnastics Women's Team All-Around"", ""Gymnastics Women's Floor Exercise"", ""Gymnastics Women's Individual All-Around""]","['Silver', nan, 'Gold']"
98552,Rajeev Ram,M,32.0,193.0,84.0,United States-1,USA,['2016 Summer'],2016,Summer,Rio de Janeiro,Tennis,"['Tennis Mixed Doubles', ""Tennis Men's Doubles""]","['Silver', nan]"
98926,Megan Anna Rapinoe,F,31.0,168.0,60.0,United States,USA,['2016 Summer'],2016,Summer,Rio de Janeiro,Football,"[""Football Women's Football""]",[nan]
99522,Patrick Nathaniel Reed,M,25.0,183.0,91.0,United States,USA,['2016 Summer'],2016,Summer,Rio de Janeiro,Golf,"[""Golf Men's Individual""]",[nan]
99538,Brittney Davon Reese,F,29.0,173.0,61.0,United States,USA,['2016 Summer'],2016,Summer,Rio de Janeiro,Athletics,"[""Athletics Women's Long Jump""]",['Silver']
99568,Emily Regan,F,28.0,188.0,81.0,United States,USA,['2016 Summer'],2016,Summer,Rio de Janeiro,Rowing,"[""Rowing Women's Coxed Eights""]",['Gold']
99815,Julia Reinprecht,F,25.0,161.0,55.0,United States,USA,['2016 Summer'],2016,Summer,Rio de Janeiro,Hockey,"[""Hockey Women's Hockey""]",[nan]
99816,"Katherine ""Katie"" Reinprecht",F,26.0,163.0,57.0,United States,USA,['2016 Summer'],2016,Summer,Rio de Janeiro,Hockey,"[""Hockey Women's Hockey""]",[nan]
100315,"Kimberly Susan ""Kim"" Rhode (-Harryman)",F,37.0,163.0,82.0,United States,USA,['2016 Summer'],2016,Summer,Rio de Janeiro,Shooting,"[""Shooting Women's Skeet""]",['Bronze']
100588,Joshua Richmond,M,30.0,188.0,91.0,United States,USA,['2016 Summer'],2016,Summer,Rio de Janeiro,Shooting,"[""Shooting Men's Double Trap""]",[nan]
101292,Gil Roberts,M,27.0,188.0,82.0,United States,USA,['2016 Summer'],2016,Summer,Rio de Janeiro,Athletics,"[""Athletics Men's 400 metres"", ""Athletics Men's 4 x 400 metres Relay""]","[nan, 'Gold']"
101381,Ricky Robertson,M,25.0,180.0,75.0,United States,USA,['2016 Summer'],2016,Summer,Rio de Janeiro,Athletics,"[""Athletics Men's High Jump""]",[nan]
101421,Byron Robinson,M,21.0,175.0,75.0,United States,USA,['2016 Summer'],2016,Summer,Rio de Janeiro,Athletics,"[""Athletics Men's 400 metres Hurdles""]",[nan]
101454,Kelsey Robinson,F,24.0,188.0,70.0,United States,USA,['2016 Summer'],2016,Summer,Rio de Janeiro,Volleyball,"[""Volleyball Women's Volleyball""]",['Bronze']
101488,Sarah Elizabeth Robles,F,28.0,178.0,141.0,United States,USA,['2016 Summer'],2016,Summer,Rio de Janeiro,Weightlifting,"[""Weightlifting Women's Super-Heavyweight""]",['Bronze']
101632,"Michael ""Mike"" Rodgers",M,31.0,175.0,81.0,United States,USA,['2016 Summer'],2016,Summer,Rio de Janeiro,Athletics,"[""Athletics Men's 4 x 100 metres Relay""]",[nan]
101894,Alex Roelse,M,21.0,204.0,115.0,United States,USA,['2016 Summer'],2016,Summer,Rio de Janeiro,Water Polo,"[""Water Polo Men's Water Polo""]",[nan]
102103,Monica Rokhman,F,19.0,173.0,56.0,United States,USA,['2016 Summer'],2016,Summer,Rio de Janeiro,Rhythmic Gymnastics,"[""Rhythmic Gymnastics Women's Group""]",[nan]
102175,Brianna Rollins,F,24.0,165.0,59.0,United States,USA,['2016 Summer'],2016,Summer,Rio de Janeiro,Athletics,"[""Athletics Women's 100 metres Hurdles""]",['Gold']
102679,April Elizabeth Ross,F,34.0,185.0,75.0,United States-1,USA,['2016 Summer'],2016,Summer,Rio de Janeiro,Beach Volleyball,"[""Beach Volleyball Women's Beach Volleyball""]",['Bronze']
103025,Shannon Nicole Rowbury,F,31.0,166.0,52.0,United States,USA,['2016 Summer'],2016,Summer,Rio de Janeiro,Athletics,"[""Athletics Women's 1,500 metres""]",[nan]
103469,Henrik Rummel,M,28.0,196.0,97.0,United States,USA,['2016 Summer'],2016,Summer,Rio de Janeiro,Rowing,"[""Rowing Men's Coxless Fours""]",[nan]
103490,Cierra Runge,F,20.0,193.0,85.0,United States,USA,['2016 Summer'],2016,Summer,Rio de Janeiro,Swimming,"[""Swimming Women's 4 x 200 metres Freestyle Relay""]",['Gold']
103528,Galen Rupp,M,30.0,181.0,61.0,United States,USA,['2016 Summer'],2016,Summer,Rio de Janeiro,Athletics,"[""Athletics Men's Marathon"", ""Athletics Men's 10,000 metres""]","[nan, 'Bronze']"
103595,Aaron Russell,M,23.0,206.0,93.0,United States,USA,['2016 Summer'],2016,Summer,Rio de Janeiro,Volleyball,"[""Volleyball Men's Volleyball""]",['Bronze']
103608,Gary Antuanne Russell,M,20.0,173.0,64.0,United States,USA,['2016 Summer'],2016,Summer,Rio de Janeiro,Boxing,"[""Boxing Men's Light-Welterweight""]",[nan]
103801,Sean Ryan,M,23.0,191.0,77.0,United States,USA,['2016 Summer'],2016,Summer,Rio de Janeiro,Swimming,"[""Swimming Men's 10 kilometres Open Water""]",[nan]
105061,"Joshua ""Josh"" Samuels",M,25.0,194.0,95.0,United States,USA,['2016 Summer'],2016,Summer,Rio de Janeiro,Water Polo,"[""Water Polo Men's Water Polo""]",[nan]
105311,Taylor Sander,M,24.0,193.0,86.0,United States,USA,['2016 Summer'],2016,Summer,Rio de Janeiro,Volleyball,"[""Volleyball Men's Volleyball""]",['Bronze']
105334,Keith Sanderson,M,41.0,183.0,95.0,United States,USA,['2016 Summer'],2016,Summer,Rio de Janeiro,Shooting,"[""Shooting Men's Rapid-Fire Pistol, 25 metres""]",[nan]
106107,"Rebecca Elizabeth ""Becky"" Sauerbrunn",F,31.0,170.0,64.0,United States,USA,['2016 Summer'],2016,Summer,Rio de Janeiro,Football,"[""Football Women's Football""]",[nan]
106138,Raven Saunders,F,20.0,165.0,109.0,United States,USA,['2016 Summer'],2016,Summer,Rio de Janeiro,Athletics,"[""Athletics Women's Shot Put""]",[nan]
106765,Sarah Scherer,F,25.0,173.0,62.0,United States,USA,['2016 Summer'],2016,Summer,Rio de Janeiro,Shooting,"[""Shooting Women's Air Rifle, 10 metres"", ""Shooting Women's Small-Bore Rifle, Three Positions, 50 metres""]",[nan]
107024,Lauren Schmetterling,F,28.0,180.0,77.0,United States,USA,['2016 Summer'],2016,Summer,Rio de Janeiro,Rowing,"[""Rowing Women's Coxed Eights""]",['Gold']
107185,Allison Rodgers Schmitt,F,26.0,185.0,75.0,United States,USA,['2016 Summer'],2016,Summer,Rio de Janeiro,Swimming,"[""Swimming Women's 4 x 200 metres Freestyle Relay"", ""Swimming Women's 4 x 100 metres Freestyle Relay""]","['Silver', 'Gold']"
107528,Nathan Schrimsher,M,24.0,188.0,79.0,United States,USA,['2016 Summer'],2016,Summer,Rio de Janeiro,Modern Pentathlon,"[""Modern Pentathlon Men's Individual""]",[nan]
108063,Helena Scutt,F,24.0,170.0,66.0,United States,USA,['2016 Summer'],2016,Summer,Rio de Janeiro,Sailing,"[""Sailing Women's Skiff""]",[nan]
108313,Melissa Seidemann,F,26.0,183.0,104.0,United States,USA,['2016 Summer'],2016,Summer,Rio de Janeiro,Water Polo,"[""Water Polo Women's Water Polo""]",['Gold']
109186,Kristen Shaldybin,F,18.0,175.0,57.0,United States,USA,['2016 Summer'],2016,Summer,Rio de Janeiro,Rhythmic Gymnastics,"[""Rhythmic Gymnastics Women's Group""]",[nan]
109289,Kathleen Sharkey,F,26.0,163.0,58.0,United States,USA,['2016 Summer'],2016,Summer,Rio de Janeiro,Hockey,"[""Hockey Women's Hockey""]",[nan]
109336,Corben Sharrah,M,24.0,183.0,85.0,United States,USA,['2016 Summer'],2016,Summer,Rio de Janeiro,Cycling,"[""Cycling Men's BMX""]",[nan]
109476,"Enkelejda Shehu (-Xhakaj, -Bekurti)",F,47.0,163.0,57.0,United States,USA,['2016 Summer'],2016,Summer,Rio de Janeiro,Shooting,"[""Shooting Women's Air Pistol, 10 metres"", ""Shooting Women's Sporting Pistol, 25 metres""]",[nan]
109673,Jay Shi,M,37.0,173.0,61.0,United States,USA,['2016 Summer'],2016,Summer,Rio de Janeiro,Shooting,"[""Shooting Men's Air Pistol, 10 metres"", ""Shooting Men's Free Pistol, 50 metres""]",[nan]
109724,Claressa Maria Shields,F,21.0,175.0,75.0,United States,USA,['2016 Summer'],2016,Summer,Rio de Janeiro,Boxing,"[""Boxing Women's Middleweight""]",['Gold']
109727,"Thomas Allen ""Tom"" Shields",M,25.0,193.0,86.0,United States,USA,['2016 Summer'],2016,Summer,Rio de Janeiro,Swimming,"[""Swimming Men's 100 metres Butterfly"", ""Swimming Men's 4 x 100 metres Medley Relay"", ""Swimming Men's 200 metres Butterfly""]","[nan, 'Gold']"
109967,Erik Thomas Shoji,M,26.0,183.0,73.0,United States,USA,['2016 Summer'],2016,Summer,Rio de Janeiro,Volleyball,"[""Volleyball Men's Volleyball""]",['Bronze']
109968,Kawika Shoji,M,28.0,191.0,88.0,United States,USA,['2016 Summer'],2016,Summer,Rio de Janeiro,Volleyball,"[""Volleyball Men's Volleyball""]",['Bronze']
110041,Howard Shu,M,25.0,185.0,75.0,United States,USA,['2016 Summer'],2016,Summer,Rio de Janeiro,Badminton,"[""Badminton Men's Singles""]",[nan]
110718,Kerry Simmonds,F,27.0,183.0,82.0,United States,USA,['2016 Summer'],2016,Summer,Rio de Janeiro,Rowing,"[""Rowing Women's Coxed Eights""]",['Gold']
110724,Cale Simmons,M,25.0,183.0,66.0,United States,USA,['2016 Summer'],2016,Summer,Rio de Janeiro,Athletics,"[""Athletics Men's Pole Vault""]",[nan]
112220,Clark Smith,M,21.0,206.0,90.0,United States,USA,['2016 Summer'],2016,Summer,Rio de Janeiro,Swimming,"[""Swimming Men's 4 x 200 metres Freestyle Relay""]",['Gold']
112232,David Michael Smith,M,31.0,201.0,86.0,United States,USA,['2016 Summer'],2016,Summer,Rio de Janeiro,Volleyball,"[""Volleyball Men's Volleyball""]",['Bronze']
112302,Jesse Aaron Smith,M,33.0,194.0,105.0,United States,USA,['2016 Summer'],2016,Summer,Rio de Janeiro,Water Polo,"[""Water Polo Men's Water Polo""]",[nan]
112334,Leah Smith,F,21.0,178.0,67.0,United States,USA,['2016 Summer'],2016,Summer,Rio de Janeiro,Swimming,"[""Swimming Women's 4 x 200 metres Freestyle Relay"", ""Swimming Women's 400 metres Freestyle"", ""Swimming Women's 800 metres Freestyle""]","['Bronze', nan, 'Gold']"
112378,"Robert Timothy David ""Robby"" Smith",M,29.0,183.0,127.0,United States,USA,['2016 Summer'],2016,Summer,Rio de Janeiro,Wrestling,"[""Wrestling Men's Super-Heavyweight, Greco-Roman""]",[nan]
112471,Michal Smolen,M,22.0,181.0,70.0,United States,USA,['2016 Summer'],2016,Summer,Rio de Janeiro,Canoeing,"[""Canoeing Men's Kayak Singles, Slalom""]",[nan]
112475,Olivia Smoliga,F,21.0,188.0,72.0,United States,USA,['2016 Summer'],2016,Summer,Rio de Janeiro,Swimming,"[""Swimming Women's 100 metres Backstroke"", ""Swimming Women's 4 x 100 metres Medley Relay""]","[nan, 'Gold']"
112592,Katelin Snyder (-Guregian),F,28.0,163.0,50.0,United States,USA,['2016 Summer'],2016,Summer,Rio de Janeiro,Rowing,"[""Rowing Women's Coxed Eights""]",['Gold']
112593,Kyle Frederick Snyder,M,20.0,180.0,102.0,United States,USA,['2016 Summer'],2016,Summer,Rio de Janeiro,Wrestling,"[""Wrestling Men's Heavyweight, Freestyle""]",['Gold']
112686,Jack Sock,M,23.0,191.0,84.0,United States,USA,['2016 Summer'],2016,Summer,Rio de Janeiro,Tennis,"[""Tennis Men's Doubles"", 'Tennis Mixed Doubles', ""Tennis Men's Singles""]","[nan, 'Gold', 'Bronze']"
112953,Hope Amelia Solo (-Stevens),F,35.0,175.0,69.0,United States,USA,['2016 Summer'],2016,Summer,Rio de Janeiro,Football,"[""Football Women's Football""]",[nan]
113763,Ashley Spencer,F,23.0,178.0,59.0,United States,USA,['2016 Summer'],2016,Summer,Rio de Janeiro,Athletics,"[""Athletics Women's 400 metres Hurdles""]",['Bronze']
114708,"Margaret Ann ""Maggie"" Steffens",F,23.0,173.0,74.0,United States,USA,['2016 Summer'],2016,Summer,Rio de Janeiro,Water Polo,"[""Water Polo Women's Water Polo""]",['Gold']
114990,Richelle Stephens,F,20.0,168.0,66.0,United States,USA,['2016 Summer'],2016,Summer,Rio de Janeiro,Rugby Sevens,"[""Rugby Sevens Women's Rugby Sevens""]",[nan]
114991,Sloane Stephens,F,23.0,173.0,65.0,United States,USA,['2016 Summer'],2016,Summer,Rio de Janeiro,Tennis,"[""Tennis Women's Singles""]",[nan]
115071,Deajah Stevens,F,21.0,175.0,65.0,United States,USA,['2016 Summer'],2016,Summer,Rio de Janeiro,Athletics,"[""Athletics Women's 200 metres""]",[nan]
115074,Evelyn Lee Stevens (-Baker),F,33.0,166.0,55.0,United States,USA,['2016 Summer'],2016,Summer,Rio de Janeiro,Cycling,"[""Cycling Women's Road Race, Individual"", ""Cycling Women's Individual Time Trial""]",[nan]
115095,Travis Stevens,M,30.0,181.0,80.0,United States,USA,['2016 Summer'],2016,Summer,Rio de Janeiro,Judo,"[""Judo Men's Half-Middleweight""]",['Silver']
115113,Shakur Stevenson,M,19.0,173.0,56.0,United States,USA,['2016 Summer'],2016,Summer,Rio de Janeiro,Boxing,"[""Boxing Men's Bantamweight""]",['Silver']
115132,Breanna Mackenzie Stewart,F,21.0,193.0,79.0,United States,USA,['2016 Summer'],2016,Summer,Rio de Janeiro,Basketball,"[""Basketball Women's Basketball""]",['Gold']
115459,"Genevra ""Gevvie"" Stone",F,31.0,183.0,71.0,United States,USA,['2016 Summer'],2016,Summer,Rio de Janeiro,Rowing,"[""Rowing Women's Single Sculls""]",['Silver']
115894,Hans Struzyna,M,27.0,188.0,91.0,United States,USA,['2016 Summer'],2016,Summer,Rio de Janeiro,Rowing,"[""Rowing Men's Coxed Eights""]",[nan]
115949,"Jennifer ""Jenn"" Stuczynski-Suhr",F,34.0,183.0,66.0,United States,USA,['2016 Summer'],2016,Summer,Rio de Janeiro,Athletics,"[""Athletics Women's Pole Vault""]",[nan]
116121,Jamie Chen Subandhi,F,26.0,163.0,58.0,United States,USA,['2016 Summer'],2016,Summer,Rio de Janeiro,Badminton,['Badminton Mixed Doubles'],[nan]
117088,Brooke Sweat (Youngquist-),F,30.0,173.0,70.0,United States-2,USA,['2016 Summer'],2016,Summer,Rio de Janeiro,Beach Volleyball,"[""Beach Volleyball Women's Beach Volleyball""]",[nan]
117854,Jeremy Taiwo,M,26.0,193.0,91.0,United States,USA,['2016 Summer'],2016,Summer,Rio de Janeiro,Athletics,"[""Athletics Men's Decathlon""]",[nan]
118778,Diana Lurena Taurasi,F,34.0,183.0,70.0,United States,USA,['2016 Summer'],2016,Summer,Rio de Janeiro,Basketball,"[""Basketball Women's Basketball""]",['Gold']
118870,Christian Taylor,M,26.0,188.0,81.0,United States,USA,['2016 Summer'],2016,Summer,Rio de Janeiro,Athletics,"[""Athletics Men's Triple Jump""]",['Gold']
119377,"Zachary ""Zack"" Test",M,26.0,191.0,93.0,United States,USA,['2016 Summer'],2016,Summer,Rio de Janeiro,Rugby Sevens,"[""Rugby Sevens Men's Rugby Sevens""]",[nan]
119672,Jesse David Thielke,M,24.0,170.0,68.0,United States,USA,['2016 Summer'],2016,Summer,Rio de Janeiro,Wrestling,"[""Wrestling Men's Featherweight, Greco-Roman""]",[nan]
119895,Courtney Lynn Thompson,F,31.0,170.0,66.0,United States,USA,['2016 Summer'],2016,Summer,Rio de Janeiro,Volleyball,"[""Volleyball Women's Volleyball""]",['Bronze']
119906,Frank Thompson,M,28.0,180.0,79.0,United States,USA,['2016 Summer'],2016,Summer,Rio de Janeiro,Shooting,"[""Shooting Men's Skeet""]",[nan]
119932,Klay Alexander Thompson,M,26.0,200.0,97.0,United States,USA,['2016 Summer'],2016,Summer,Rio de Janeiro,Basketball,"[""Basketball Men's Basketball""]",['Gold']
119934,"Alexis ""Lexi"" Thompson",F,21.0,180.0,73.0,United States,USA,['2016 Summer'],2016,Summer,Rio de Janeiro,Golf,"[""Golf Women's Individual""]",[nan]
120121,"Virginia ""Ginny"" Thrasher",F,19.0,155.0,55.0,United States,USA,['2016 Summer'],2016,Summer,Rio de Janeiro,Shooting,"[""Shooting Women's Air Rifle, 10 metres"", ""Shooting Women's Small-Bore Rifle, Three Positions, 50 metres""]","[nan, 'Gold']"
120451,Michael DeLorean Tinsley,M,32.0,186.0,74.0,United States,USA,['2016 Summer'],2016,Summer,Rio de Janeiro,Athletics,"[""Athletics Men's 400 metres Hurdles""]",[nan]
120928,Ellen Tomek,F,32.0,178.0,72.0,United States,USA,['2016 Summer'],2016,Summer,Rio de Janeiro,Rowing,"[""Rowing Women's Double Sculls""]",[nan]
122093,Murphy Edward Troy,M,27.0,203.0,107.0,United States,USA,['2016 Summer'],2016,Summer,Rio de Janeiro,Volleyball,"[""Volleyball Men's Volleyball""]",['Bronze']
122163,Katarzyna Trzopek,F,35.0,176.0,74.0,United States,USA,['2016 Summer'],2016,Summer,Rio de Janeiro,Fencing,"[""Fencing Women's epee, Team""]",[nan]
123370,"Kisi Keomaka ""Maka"" Unufe",M,24.0,188.0,93.0,United States,USA,['2016 Summer'],2016,Summer,Rio de Janeiro,Rugby Sevens,"[""Rugby Sevens Men's Rugby Sevens""]",[nan]
123943,Jennifer Valente,F,21.0,176.0,74.0,United States,USA,['2016 Summer'],2016,Summer,Rio de Janeiro,Cycling,"[""Cycling Women's Team Pursuit""]",['Silver']
124914,Caitlin Van Sickle,F,26.0,166.0,58.0,United States,USA,['2016 Summer'],2016,Summer,Rio de Janeiro,Hockey,"[""Hockey Women's Hockey""]",[nan]
125106,"Colleen Mullarkey (Colleen Hutchins-) ""CoCo"" Vandeweghe (-Mullarkey)",F,24.0,185.0,70.0,United States-2,USA,['2016 Summer'],2016,Summer,Rio de Janeiro,Tennis,"[""Tennis Women's Doubles""]",[nan]
125276,Antonio Vargas,M,19.0,168.0,52.0,United States,USA,['2016 Summer'],2016,Summer,Rio de Janeiro,Boxing,"[""Boxing Men's Flyweight""]",[nan]
125532,Shelbi Vaughan,F,21.0,183.0,127.0,United States,USA,['2016 Summer'],2016,Summer,Rio de Janeiro,Athletics,"[""Athletics Women's Discus Throw""]",[nan]
125943,David Verburg,M,25.0,173.0,70.0,United States,USA,['2016 Summer'],2016,Summer,Rio de Janeiro,Athletics,"[""Athletics Men's 400 metres"", ""Athletics Men's 4 x 400 metres Relay""]","[nan, 'Gold']"
126899,Michelle Vittese,F,26.0,161.0,57.0,United States,USA,['2016 Summer'],2016,Summer,Rio de Janeiro,Hockey,"[""Hockey Women's Hockey""]",[nan]
127216,Dana Whitney Vollmer (-Grant),F,28.0,185.0,68.0,United States,USA,['2016 Summer'],2016,Summer,Rio de Janeiro,Swimming,"[""Swimming Women's 100 metres Butterfly"", ""Swimming Women's 4 x 100 metres Medley Relay"", ""Swimming Women's 4 x 100 metres Freestyle Relay""]","['Silver', 'Gold', 'Bronze']"
128285,Kerri Lee Walsh Jennings,F,37.0,191.0,73.0,United States-1,USA,['2016 Summer'],2016,Summer,Rio de Janeiro,Beach Volleyball,"[""Beach Volleyball Women's Beach Volleyball""]",['Bronze']
128473,Iris Wang,F,21.0,160.0,52.0,United States,USA,['2016 Summer'],2016,Summer,Rio de Janeiro,Badminton,"[""Badminton Women's Singles""]",[nan]
128574,Timothy Aaron Wang,M,24.0,176.0,65.0,United States,USA,['2016 Summer'],2016,Summer,Rio de Janeiro,Table Tennis,"[""Table Tennis Men's Team""]",[nan]
128717,Jared Ward,M,27.0,178.0,66.0,United States,USA,['2016 Summer'],2016,Summer,Rio de Janeiro,Athletics,"[""Athletics Men's Marathon""]",[nan]
128724,McLain Ward,M,40.0,176.0,70.0,United States,USA,['2016 Summer'],2016,Summer,Rio de Janeiro,Equestrianism,"['Equestrianism Mixed Jumping, Team', 'Equestrianism Mixed Jumping, Individual']","[nan, 'Silver']"
128954,"Gerry Lester ""Bubba"" Watson, Jr.",M,37.0,191.0,82.0,United States,USA,['2016 Summer'],2016,Summer,Rio de Janeiro,Golf,"[""Golf Men's Individual""]",[nan]
129082,Ameer Kenneth Webb,M,25.0,180.0,82.0,United States,USA,['2016 Summer'],2016,Summer,Rio de Janeiro,Athletics,"[""Athletics Men's 200 metres""]",[nan]
129231,"Alexis ""Lexi"" Weeks",F,19.0,168.0,59.0,United States,USA,['2016 Summer'],2016,Summer,Rio de Janeiro,Athletics,"[""Athletics Women's Pole Vault""]",[nan]
129349,Seth Weil,M,29.0,198.0,98.0,United States,USA,['2016 Summer'],2016,Summer,Rio de Janeiro,Rowing,"[""Rowing Men's Coxless Fours""]",[nan]
129402,Amanda Jo Weir (-Davis),F,30.0,188.0,77.0,United States,USA,['2016 Summer'],2016,Summer,Rio de Janeiro,Swimming,"[""Swimming Women's 4 x 100 metres Freestyle Relay""]",['Silver']
129450,Anders Weiss,M,23.0,196.0,93.0,United States,USA,['2016 Summer'],2016,Summer,Rio de Janeiro,Rowing,"[""Rowing Men's Coxless Pairs""]",[nan]
129476,Abbey Weitzeil,F,19.0,178.0,68.0,United States,USA,['2016 Summer'],2016,Summer,Rio de Janeiro,Swimming,"[""Swimming Women's 50 metres Freestyle"", ""Swimming Women's 4 x 100 metres Medley Relay"", ""Swimming Women's 100 metres Freestyle"", ""Swimming Women's 4 x 100 metres Freestyle Relay""]","[nan, 'Gold', 'Silver']"
129913,Lindsay Marie Whalen,F,34.0,175.0,72.0,United States,USA,['2016 Summer'],2016,Summer,Rio de Janeiro,Basketball,"[""Basketball Women's Basketball""]",['Gold']
130442,Jordan Wilimovsky,M,22.0,175.0,68.0,United States,USA,['2016 Summer'],2016,Summer,Rio de Janeiro,Swimming,"[""Swimming Men's 10 kilometres Open Water"", ""Swimming Men's 1,500 metres Freestyle""]",[nan]
130566,Chrishuna Williams,F,23.0,160.0,55.0,United States,USA,['2016 Summer'],2016,Summer,Rio de Janeiro,Athletics,"[""Athletics Women's 800 metres""]",[nan]
130623,Kendell Williams,F,21.0,178.0,67.0,United States,USA,['2016 Summer'],2016,Summer,Rio de Janeiro,Athletics,"[""Athletics Women's Heptathlon""]",[nan]
130667,Serena Jamika Williams,F,34.0,175.0,70.0,United States,USA,['2016 Summer'],2016,Summer,Rio de Janeiro,Tennis,"[""Tennis Women's Singles"", ""Tennis Women's Doubles""]",[nan]
130696,Venus Ebony Starr Williams,F,36.0,185.0,75.0,United States,USA,['2016 Summer'],2016,Summer,Rio de Janeiro,Tennis,"['Tennis Mixed Doubles', ""Tennis Women's Singles"", ""Tennis Women's Doubles""]","[nan, 'Silver']"
130774,Aje Wilson,F,22.0,173.0,61.0,United States,USA,['2016 Summer'],2016,Summer,Rio de Janeiro,Athletics,"[""Athletics Women's 800 metres""]",[nan]
131006,Rudy Winkler,M,21.0,188.0,109.0,United States,USA,['2016 Summer'],2016,Summer,Rio de Janeiro,Athletics,"[""Athletics Men's Hammer Throw""]",[nan]
131151,Jill Witmer,F,24.0,158.0,52.0,United States,USA,['2016 Summer'],2016,Summer,Rio de Janeiro,Hockey,"[""Hockey Women's Hockey""]",[nan]
131532,Chloe Woodruff,F,29.0,158.0,51.0,United States,USA,['2016 Summer'],2016,Summer,Rio de Janeiro,Cycling,"[""Cycling Women's Mountainbike, Cross-Country""]",[nan]
131614,Kelsi Worrell,F,22.0,180.0,75.0,United States,USA,['2016 Summer'],2016,Summer,Rio de Janeiro,Swimming,"[""Swimming Women's 100 metres Butterfly"", ""Swimming Women's 4 x 100 metres Medley Relay""]","[nan, 'Gold']"
131654,Dagmara Wozniak (Woniak-),F,28.0,173.0,81.0,United States,USA,['2016 Summer'],2016,Summer,Rio de Janeiro,Fencing,"[""Fencing Women's Sabre, Individual"", ""Fencing Women's Sabre, Team""]","[nan, 'Bronze']"
131789,"Yue ""Jennifer"" Wu",F,26.0,160.0,51.0,United States,USA,['2016 Summer'],2016,Summer,Rio de Janeiro,Table Tennis,"[""Table Tennis Women's Team"", ""Table Tennis Women's Singles""]",[nan]
131937,"Christopher Thomas ""Chris"" Wyles",M,32.0,183.0,93.0,United States,USA,['2016 Summer'],2016,Summer,Rio de Janeiro,Rugby Sevens,"[""Rugby Sevens Men's Rugby Sevens""]",[nan]
133218,Katrina Young,F,24.0,163.0,60.0,United States,USA,['2016 Summer'],2016,Summer,Rio de Janeiro,Diving,"[""Diving Women's Platform""]",[nan]
133659,Katie Zaferes (Hursey-),F,27.0,173.0,59.0,United States,USA,['2016 Summer'],2016,Summer,Rio de Janeiro,Triathlon,"[""Triathlon Women's Olympic Distance""]",[nan]
133685,Mariel Leigh Zagunis,F,31.0,173.0,72.0,United States,USA,['2016 Summer'],2016,Summer,Rio de Janeiro,Fencing,"[""Fencing Women's Sabre, Individual"", ""Fencing Women's Sabre, Team""]","[nan, 'Bronze']"
134337,Laura Yihan Zeng,F,16.0,160.0,43.0,United States,USA,['2016 Summer'],2016,Summer,Rio de Janeiro,Rhythmic Gymnastics,"[""Rhythmic Gymnastics Women's Individual""]",[nan]
134508,Lily Ann Zhang,F,20.0,166.0,58.0,United States,USA,['2016 Summer'],2016,Summer,Rio de Janeiro,Table Tennis,"[""Table Tennis Women's Team"", ""Table Tennis Women's Singles""]",[nan]
134730,Jiaqi Zheng,F,28.0,165.0,43.0,United States,USA,['2016 Summer'],2016,Summer,Rio de Janeiro,Table Tennis,"[""Table Tennis Women's Team""]",[nan]
134960,"Zachery ""Zach"" Ziemek",M,23.0,193.0,89.0,United States,USA,['2016 Summer'],2016,Summer,Rio de Janeiro,Athletics,"[""Athletics Men's Decathlon""]",[nan]
